--
-- PostgreSQL database dump
--

\restrict iTksZHQDbfGLmzhSKqkpA8QzxZFlKcXbMkuZAOWej1nYXHmIiFNBxpxry78sE0q

-- Dumped from database version 16.10 (Debian 16.10-1.pgdg13+1)
-- Dumped by pg_dump version 16.10 (Debian 16.10-1.pgdg13+1)

SET statement_timeout = 0;
SET lock_timeout = 0;
SET idle_in_transaction_session_timeout = 0;
SET client_encoding = 'UTF8';
SET standard_conforming_strings = on;
SELECT pg_catalog.set_config('search_path', '', false);
SET check_function_bodies = false;
SET xmloption = content;
SET client_min_messages = warning;
SET row_security = off;

SET default_tablespace = '';

SET default_table_access_method = heap;

--
-- Name: api_carslisting; Type: TABLE; Schema: public; Owner: myuser
--

CREATE TABLE public.api_carslisting (
    id bigint NOT NULL,
    title character varying(255) NOT NULL,
    description text NOT NULL,
    year integer NOT NULL,
    mileage integer NOT NULL,
    engine_size double precision NOT NULL,
    doors integer NOT NULL,
    vin character varying(32) NOT NULL,
    price integer NOT NULL,
    created_at timestamp with time zone NOT NULL,
    updated_at timestamp with time zone NOT NULL,
    color_id bigint NOT NULL,
    condition_id bigint NOT NULL,
    fuel_type_id bigint NOT NULL,
    make_id bigint NOT NULL,
    model_id bigint NOT NULL,
    transmission_id bigint NOT NULL,
    cylinders integer NOT NULL,
    car_type_id bigint NOT NULL,
    drive_type_id bigint NOT NULL,
    CONSTRAINT api_carslisting_cylinders_check CHECK ((cylinders >= 0)),
    CONSTRAINT api_carslisting_doors_ad4427f3_check CHECK ((doors >= 0)),
    CONSTRAINT api_carslisting_price_check CHECK ((price >= 0))
);


ALTER TABLE public.api_carslisting OWNER TO myuser;

--
-- Name: api_carslisting_features; Type: TABLE; Schema: public; Owner: myuser
--

CREATE TABLE public.api_carslisting_features (
    id bigint NOT NULL,
    carslisting_id bigint NOT NULL,
    feature_id bigint NOT NULL
);


ALTER TABLE public.api_carslisting_features OWNER TO myuser;

--
-- Name: api_carslisting_features_id_seq; Type: SEQUENCE; Schema: public; Owner: myuser
--

ALTER TABLE public.api_carslisting_features ALTER COLUMN id ADD GENERATED BY DEFAULT AS IDENTITY (
    SEQUENCE NAME public.api_carslisting_features_id_seq
    START WITH 1
    INCREMENT BY 1
    NO MINVALUE
    NO MAXVALUE
    CACHE 1
);


--
-- Name: api_carslisting_id_seq; Type: SEQUENCE; Schema: public; Owner: myuser
--

ALTER TABLE public.api_carslisting ALTER COLUMN id ADD GENERATED BY DEFAULT AS IDENTITY (
    SEQUENCE NAME public.api_carslisting_id_seq
    START WITH 1
    INCREMENT BY 1
    NO MINVALUE
    NO MAXVALUE
    CACHE 1
);


--
-- Name: api_carslisting_safety_features; Type: TABLE; Schema: public; Owner: myuser
--

CREATE TABLE public.api_carslisting_safety_features (
    id bigint NOT NULL,
    carslisting_id bigint NOT NULL,
    safetyfeature_id bigint NOT NULL
);


ALTER TABLE public.api_carslisting_safety_features OWNER TO myuser;

--
-- Name: api_carslisting_safety_features_id_seq; Type: SEQUENCE; Schema: public; Owner: myuser
--

ALTER TABLE public.api_carslisting_safety_features ALTER COLUMN id ADD GENERATED BY DEFAULT AS IDENTITY (
    SEQUENCE NAME public.api_carslisting_safety_features_id_seq
    START WITH 1
    INCREMENT BY 1
    NO MINVALUE
    NO MAXVALUE
    CACHE 1
);


--
-- Name: api_cartype; Type: TABLE; Schema: public; Owner: myuser
--

CREATE TABLE public.api_cartype (
    id bigint NOT NULL,
    type character varying(40) NOT NULL
);


ALTER TABLE public.api_cartype OWNER TO myuser;

--
-- Name: api_cartype_id_seq; Type: SEQUENCE; Schema: public; Owner: myuser
--

ALTER TABLE public.api_cartype ALTER COLUMN id ADD GENERATED BY DEFAULT AS IDENTITY (
    SEQUENCE NAME public.api_cartype_id_seq
    START WITH 1
    INCREMENT BY 1
    NO MINVALUE
    NO MAXVALUE
    CACHE 1
);


--
-- Name: api_color; Type: TABLE; Schema: public; Owner: myuser
--

CREATE TABLE public.api_color (
    id bigint NOT NULL,
    name character varying(60) NOT NULL
);


ALTER TABLE public.api_color OWNER TO myuser;

--
-- Name: api_color_id_seq; Type: SEQUENCE; Schema: public; Owner: myuser
--

ALTER TABLE public.api_color ALTER COLUMN id ADD GENERATED BY DEFAULT AS IDENTITY (
    SEQUENCE NAME public.api_color_id_seq
    START WITH 1
    INCREMENT BY 1
    NO MINVALUE
    NO MAXVALUE
    CACHE 1
);


--
-- Name: api_condition; Type: TABLE; Schema: public; Owner: myuser
--

CREATE TABLE public.api_condition (
    id bigint NOT NULL,
    type character varying(40) NOT NULL
);


ALTER TABLE public.api_condition OWNER TO myuser;

--
-- Name: api_condition_id_seq; Type: SEQUENCE; Schema: public; Owner: myuser
--

ALTER TABLE public.api_condition ALTER COLUMN id ADD GENERATED BY DEFAULT AS IDENTITY (
    SEQUENCE NAME public.api_condition_id_seq
    START WITH 1
    INCREMENT BY 1
    NO MINVALUE
    NO MAXVALUE
    CACHE 1
);


--
-- Name: api_drivetype; Type: TABLE; Schema: public; Owner: myuser
--

CREATE TABLE public.api_drivetype (
    id bigint NOT NULL,
    type character varying(40) NOT NULL
);


ALTER TABLE public.api_drivetype OWNER TO myuser;

--
-- Name: api_drivetype_id_seq; Type: SEQUENCE; Schema: public; Owner: myuser
--

ALTER TABLE public.api_drivetype ALTER COLUMN id ADD GENERATED BY DEFAULT AS IDENTITY (
    SEQUENCE NAME public.api_drivetype_id_seq
    START WITH 1
    INCREMENT BY 1
    NO MINVALUE
    NO MAXVALUE
    CACHE 1
);


--
-- Name: api_feature; Type: TABLE; Schema: public; Owner: myuser
--

CREATE TABLE public.api_feature (
    id bigint NOT NULL,
    name character varying(100) NOT NULL
);


ALTER TABLE public.api_feature OWNER TO myuser;

--
-- Name: api_feature_id_seq; Type: SEQUENCE; Schema: public; Owner: myuser
--

ALTER TABLE public.api_feature ALTER COLUMN id ADD GENERATED BY DEFAULT AS IDENTITY (
    SEQUENCE NAME public.api_feature_id_seq
    START WITH 1
    INCREMENT BY 1
    NO MINVALUE
    NO MAXVALUE
    CACHE 1
);


--
-- Name: api_fueltype; Type: TABLE; Schema: public; Owner: myuser
--

CREATE TABLE public.api_fueltype (
    id bigint NOT NULL,
    type character varying(40) NOT NULL
);


ALTER TABLE public.api_fueltype OWNER TO myuser;

--
-- Name: api_fueltype_id_seq; Type: SEQUENCE; Schema: public; Owner: myuser
--

ALTER TABLE public.api_fueltype ALTER COLUMN id ADD GENERATED BY DEFAULT AS IDENTITY (
    SEQUENCE NAME public.api_fueltype_id_seq
    START WITH 1
    INCREMENT BY 1
    NO MINVALUE
    NO MAXVALUE
    CACHE 1
);


--
-- Name: api_inquiry; Type: TABLE; Schema: public; Owner: myuser
--

CREATE TABLE public.api_inquiry (
    id bigint NOT NULL,
    name character varying(120) NOT NULL,
    email character varying(254) NOT NULL,
    phone text NOT NULL,
    message text NOT NULL,
    created_at timestamp with time zone NOT NULL,
    listing_id bigint,
    status_id bigint NOT NULL
);


ALTER TABLE public.api_inquiry OWNER TO myuser;

--
-- Name: api_inquiry_id_seq; Type: SEQUENCE; Schema: public; Owner: myuser
--

ALTER TABLE public.api_inquiry ALTER COLUMN id ADD GENERATED BY DEFAULT AS IDENTITY (
    SEQUENCE NAME public.api_inquiry_id_seq
    START WITH 1
    INCREMENT BY 1
    NO MINVALUE
    NO MAXVALUE
    CACHE 1
);


--
-- Name: api_inquirycomments; Type: TABLE; Schema: public; Owner: myuser
--

CREATE TABLE public.api_inquirycomments (
    id bigint NOT NULL,
    comment text NOT NULL,
    created_at timestamp with time zone NOT NULL,
    inquiry_id bigint
);


ALTER TABLE public.api_inquirycomments OWNER TO myuser;

--
-- Name: api_inquirycomments_id_seq; Type: SEQUENCE; Schema: public; Owner: myuser
--

ALTER TABLE public.api_inquirycomments ALTER COLUMN id ADD GENERATED BY DEFAULT AS IDENTITY (
    SEQUENCE NAME public.api_inquirycomments_id_seq
    START WITH 1
    INCREMENT BY 1
    NO MINVALUE
    NO MAXVALUE
    CACHE 1
);


--
-- Name: api_listingimage; Type: TABLE; Schema: public; Owner: myuser
--

CREATE TABLE public.api_listingimage (
    id bigint NOT NULL,
    path character varying(100) NOT NULL,
    uploaded_at timestamp with time zone NOT NULL,
    listing_id bigint NOT NULL
);


ALTER TABLE public.api_listingimage OWNER TO myuser;

--
-- Name: api_listingimage_id_seq; Type: SEQUENCE; Schema: public; Owner: myuser
--

ALTER TABLE public.api_listingimage ALTER COLUMN id ADD GENERATED BY DEFAULT AS IDENTITY (
    SEQUENCE NAME public.api_listingimage_id_seq
    START WITH 1
    INCREMENT BY 1
    NO MINVALUE
    NO MAXVALUE
    CACHE 1
);


--
-- Name: api_make; Type: TABLE; Schema: public; Owner: myuser
--

CREATE TABLE public.api_make (
    id bigint NOT NULL,
    name character varying(100) NOT NULL
);


ALTER TABLE public.api_make OWNER TO myuser;

--
-- Name: api_make_id_seq; Type: SEQUENCE; Schema: public; Owner: myuser
--

ALTER TABLE public.api_make ALTER COLUMN id ADD GENERATED BY DEFAULT AS IDENTITY (
    SEQUENCE NAME public.api_make_id_seq
    START WITH 1
    INCREMENT BY 1
    NO MINVALUE
    NO MAXVALUE
    CACHE 1
);


--
-- Name: api_modelname; Type: TABLE; Schema: public; Owner: myuser
--

CREATE TABLE public.api_modelname (
    id bigint NOT NULL,
    name character varying(120) NOT NULL,
    make_id bigint NOT NULL
);


ALTER TABLE public.api_modelname OWNER TO myuser;

--
-- Name: api_modelname_id_seq; Type: SEQUENCE; Schema: public; Owner: myuser
--

ALTER TABLE public.api_modelname ALTER COLUMN id ADD GENERATED BY DEFAULT AS IDENTITY (
    SEQUENCE NAME public.api_modelname_id_seq
    START WITH 1
    INCREMENT BY 1
    NO MINVALUE
    NO MAXVALUE
    CACHE 1
);


--
-- Name: api_safetyfeature; Type: TABLE; Schema: public; Owner: myuser
--

CREATE TABLE public.api_safetyfeature (
    id bigint NOT NULL,
    name character varying(100) NOT NULL
);


ALTER TABLE public.api_safetyfeature OWNER TO myuser;

--
-- Name: api_safetyfeature_id_seq; Type: SEQUENCE; Schema: public; Owner: myuser
--

ALTER TABLE public.api_safetyfeature ALTER COLUMN id ADD GENERATED BY DEFAULT AS IDENTITY (
    SEQUENCE NAME public.api_safetyfeature_id_seq
    START WITH 1
    INCREMENT BY 1
    NO MINVALUE
    NO MAXVALUE
    CACHE 1
);


--
-- Name: api_status; Type: TABLE; Schema: public; Owner: myuser
--

CREATE TABLE public.api_status (
    id bigint NOT NULL,
    name character varying(40) NOT NULL
);


ALTER TABLE public.api_status OWNER TO myuser;

--
-- Name: api_status_id_seq; Type: SEQUENCE; Schema: public; Owner: myuser
--

ALTER TABLE public.api_status ALTER COLUMN id ADD GENERATED BY DEFAULT AS IDENTITY (
    SEQUENCE NAME public.api_status_id_seq
    START WITH 1
    INCREMENT BY 1
    NO MINVALUE
    NO MAXVALUE
    CACHE 1
);


--
-- Name: api_transmission; Type: TABLE; Schema: public; Owner: myuser
--

CREATE TABLE public.api_transmission (
    id bigint NOT NULL,
    type character varying(40) NOT NULL
);


ALTER TABLE public.api_transmission OWNER TO myuser;

--
-- Name: api_transmission_id_seq; Type: SEQUENCE; Schema: public; Owner: myuser
--

ALTER TABLE public.api_transmission ALTER COLUMN id ADD GENERATED BY DEFAULT AS IDENTITY (
    SEQUENCE NAME public.api_transmission_id_seq
    START WITH 1
    INCREMENT BY 1
    NO MINVALUE
    NO MAXVALUE
    CACHE 1
);


--
-- Name: auth_group; Type: TABLE; Schema: public; Owner: myuser
--

CREATE TABLE public.auth_group (
    id integer NOT NULL,
    name character varying(150) NOT NULL
);


ALTER TABLE public.auth_group OWNER TO myuser;

--
-- Name: auth_group_id_seq; Type: SEQUENCE; Schema: public; Owner: myuser
--

ALTER TABLE public.auth_group ALTER COLUMN id ADD GENERATED BY DEFAULT AS IDENTITY (
    SEQUENCE NAME public.auth_group_id_seq
    START WITH 1
    INCREMENT BY 1
    NO MINVALUE
    NO MAXVALUE
    CACHE 1
);


--
-- Name: auth_group_permissions; Type: TABLE; Schema: public; Owner: myuser
--

CREATE TABLE public.auth_group_permissions (
    id bigint NOT NULL,
    group_id integer NOT NULL,
    permission_id integer NOT NULL
);


ALTER TABLE public.auth_group_permissions OWNER TO myuser;

--
-- Name: auth_group_permissions_id_seq; Type: SEQUENCE; Schema: public; Owner: myuser
--

ALTER TABLE public.auth_group_permissions ALTER COLUMN id ADD GENERATED BY DEFAULT AS IDENTITY (
    SEQUENCE NAME public.auth_group_permissions_id_seq
    START WITH 1
    INCREMENT BY 1
    NO MINVALUE
    NO MAXVALUE
    CACHE 1
);


--
-- Name: auth_permission; Type: TABLE; Schema: public; Owner: myuser
--

CREATE TABLE public.auth_permission (
    id integer NOT NULL,
    name character varying(255) NOT NULL,
    content_type_id integer NOT NULL,
    codename character varying(100) NOT NULL
);


ALTER TABLE public.auth_permission OWNER TO myuser;

--
-- Name: auth_permission_id_seq; Type: SEQUENCE; Schema: public; Owner: myuser
--

ALTER TABLE public.auth_permission ALTER COLUMN id ADD GENERATED BY DEFAULT AS IDENTITY (
    SEQUENCE NAME public.auth_permission_id_seq
    START WITH 1
    INCREMENT BY 1
    NO MINVALUE
    NO MAXVALUE
    CACHE 1
);


--
-- Name: auth_user; Type: TABLE; Schema: public; Owner: myuser
--

CREATE TABLE public.auth_user (
    id integer NOT NULL,
    password character varying(128) NOT NULL,
    last_login timestamp with time zone,
    is_superuser boolean NOT NULL,
    username character varying(150) NOT NULL,
    first_name character varying(150) NOT NULL,
    last_name character varying(150) NOT NULL,
    email character varying(254) NOT NULL,
    is_staff boolean NOT NULL,
    is_active boolean NOT NULL,
    date_joined timestamp with time zone NOT NULL
);


ALTER TABLE public.auth_user OWNER TO myuser;

--
-- Name: auth_user_groups; Type: TABLE; Schema: public; Owner: myuser
--

CREATE TABLE public.auth_user_groups (
    id bigint NOT NULL,
    user_id integer NOT NULL,
    group_id integer NOT NULL
);


ALTER TABLE public.auth_user_groups OWNER TO myuser;

--
-- Name: auth_user_groups_id_seq; Type: SEQUENCE; Schema: public; Owner: myuser
--

ALTER TABLE public.auth_user_groups ALTER COLUMN id ADD GENERATED BY DEFAULT AS IDENTITY (
    SEQUENCE NAME public.auth_user_groups_id_seq
    START WITH 1
    INCREMENT BY 1
    NO MINVALUE
    NO MAXVALUE
    CACHE 1
);


--
-- Name: auth_user_id_seq; Type: SEQUENCE; Schema: public; Owner: myuser
--

ALTER TABLE public.auth_user ALTER COLUMN id ADD GENERATED BY DEFAULT AS IDENTITY (
    SEQUENCE NAME public.auth_user_id_seq
    START WITH 1
    INCREMENT BY 1
    NO MINVALUE
    NO MAXVALUE
    CACHE 1
);


--
-- Name: auth_user_user_permissions; Type: TABLE; Schema: public; Owner: myuser
--

CREATE TABLE public.auth_user_user_permissions (
    id bigint NOT NULL,
    user_id integer NOT NULL,
    permission_id integer NOT NULL
);


ALTER TABLE public.auth_user_user_permissions OWNER TO myuser;

--
-- Name: auth_user_user_permissions_id_seq; Type: SEQUENCE; Schema: public; Owner: myuser
--

ALTER TABLE public.auth_user_user_permissions ALTER COLUMN id ADD GENERATED BY DEFAULT AS IDENTITY (
    SEQUENCE NAME public.auth_user_user_permissions_id_seq
    START WITH 1
    INCREMENT BY 1
    NO MINVALUE
    NO MAXVALUE
    CACHE 1
);


--
-- Name: authtoken_token; Type: TABLE; Schema: public; Owner: myuser
--

CREATE TABLE public.authtoken_token (
    key character varying(40) NOT NULL,
    created timestamp with time zone NOT NULL,
    user_id integer NOT NULL
);


ALTER TABLE public.authtoken_token OWNER TO myuser;

--
-- Name: django_admin_log; Type: TABLE; Schema: public; Owner: myuser
--

CREATE TABLE public.django_admin_log (
    id integer NOT NULL,
    action_time timestamp with time zone NOT NULL,
    object_id text,
    object_repr character varying(200) NOT NULL,
    action_flag smallint NOT NULL,
    change_message text NOT NULL,
    content_type_id integer,
    user_id integer NOT NULL,
    CONSTRAINT django_admin_log_action_flag_check CHECK ((action_flag >= 0))
);


ALTER TABLE public.django_admin_log OWNER TO myuser;

--
-- Name: django_admin_log_id_seq; Type: SEQUENCE; Schema: public; Owner: myuser
--

ALTER TABLE public.django_admin_log ALTER COLUMN id ADD GENERATED BY DEFAULT AS IDENTITY (
    SEQUENCE NAME public.django_admin_log_id_seq
    START WITH 1
    INCREMENT BY 1
    NO MINVALUE
    NO MAXVALUE
    CACHE 1
);


--
-- Name: django_content_type; Type: TABLE; Schema: public; Owner: myuser
--

CREATE TABLE public.django_content_type (
    id integer NOT NULL,
    app_label character varying(100) NOT NULL,
    model character varying(100) NOT NULL
);


ALTER TABLE public.django_content_type OWNER TO myuser;

--
-- Name: django_content_type_id_seq; Type: SEQUENCE; Schema: public; Owner: myuser
--

ALTER TABLE public.django_content_type ALTER COLUMN id ADD GENERATED BY DEFAULT AS IDENTITY (
    SEQUENCE NAME public.django_content_type_id_seq
    START WITH 1
    INCREMENT BY 1
    NO MINVALUE
    NO MAXVALUE
    CACHE 1
);


--
-- Name: django_migrations; Type: TABLE; Schema: public; Owner: myuser
--

CREATE TABLE public.django_migrations (
    id bigint NOT NULL,
    app character varying(255) NOT NULL,
    name character varying(255) NOT NULL,
    applied timestamp with time zone NOT NULL
);


ALTER TABLE public.django_migrations OWNER TO myuser;

--
-- Name: django_migrations_id_seq; Type: SEQUENCE; Schema: public; Owner: myuser
--

ALTER TABLE public.django_migrations ALTER COLUMN id ADD GENERATED BY DEFAULT AS IDENTITY (
    SEQUENCE NAME public.django_migrations_id_seq
    START WITH 1
    INCREMENT BY 1
    NO MINVALUE
    NO MAXVALUE
    CACHE 1
);


--
-- Name: django_session; Type: TABLE; Schema: public; Owner: myuser
--

CREATE TABLE public.django_session (
    session_key character varying(40) NOT NULL,
    session_data text NOT NULL,
    expire_date timestamp with time zone NOT NULL
);


ALTER TABLE public.django_session OWNER TO myuser;

--
-- Data for Name: api_carslisting; Type: TABLE DATA; Schema: public; Owner: myuser
--

COPY public.api_carslisting (id, title, description, year, mileage, engine_size, doors, vin, price, created_at, updated_at, color_id, condition_id, fuel_type_id, make_id, model_id, transmission_id, cylinders, car_type_id, drive_type_id) FROM stdin;
1	Supercharged 1969 Ford F-100 Pickup	This 1969 Ford F-100 blends classic charm with modern performance upgrades. It features a powerful 5.0-Liter Gen II Coyote V8 engine, paired with a smooth-shifting six-speed automatic transmission. The truck's exterior has been refinished in a sleek metallic gray, and it rides on 20" Forgeline three-piece wheels that add to its striking appearance. Front and rear spoilers give it a more aggressive, performance-oriented look. Inside, the black leather upholstery provides a luxurious feel, while the TMI bench seat ensures comfort. A Sony touchscreen head unit brings modern tech into the cabin, offering entertainment and connectivity. The truck’s suspension has been fully upgraded with CPP Mustang II independent front suspension, RideTech triangulated four-link rear suspension, and Viking double-adjustable coilovers, ensuring a smooth ride and excellent handling. Hydroboost disc brakes enhance its stopping power for better control on the road. The truck shows 951 miles on its digital odometer, though the true mileage is unknown.	1969	951	5	2	F10ARE21203	26650	2025-10-13 14:04:53.63692+00	2025-10-19 19:30:02.488608+00	1	1	1	1	1	1	8	1	1
4	1969 Chevrolet C10 Pickup	This 1969 Chevrolet C10 Pickup was fully refurbished and modified, including a repaint in matte black with a white cab roof. It’s powered by a 5.3L Vortec V8 engine with a high-performance camshaft, high-flow throttle body, and short-tube headers, paired with a four-speed automatic transmission. The truck is equipped with a 12-bolt rear end with a limited-slip differential for improved traction. A lowered suspension with tubular front control arms, sway bars, and Wilwood four-wheel disc brakes ensure excellent handling and stopping power. The exterior is further enhanced by 20" U.S. Mags wheels that complement the truck’s aggressive stance. Inside, the cabin features black leather TMI bucket seats, a Lokar shifter with a skull knob, and a Retrosound stereo system. Dakota Digital gauges provide modern instrumentation, while Vintage Air climate control ensures comfort year-round. The truck’s odometer shows 1,200 miles, though the true mileage is unknown. This modified C10 offers a perfect blend of classic styling and modern performance upgrades.	1969	1200	5.3	2	CE149B832940	27650	2025-10-14 23:11:27.525696+00	2025-10-19 19:08:59.566271+00	4	1	1	3	4	1	8	1	1
3	1966 Chevrolet Chevelle Malibu Convertible	This 1966 Chevrolet Chevelle Malibu Convertible has been meticulously refurbished and modified under current ownership, with completion in 2024. It features a powerful 6.2L LS3 V8 engine, paired with a six-speed Tremec T56 manual transmission for an engaging driving experience. The car rides on a Roadster Shop Fast Track Stage III chassis, which includes Penske coilovers and a 3.70:1 limited-slip differential for enhanced handling. It has been refinished in House of Color Jet Black, complemented by a black convertible top and black leather upholstery. The car sits on Forgeline 19” wheels and is equipped with Baer four-wheel disc brakes, providing superior stopping power. Inside, the cabin boasts Dakota Digital gauges, a Retrosound audio system with a trunk-mounted subwoofer, and TMI Pro Series low-back bucket seats. The engine breathes through a Borla dual exhaust system, producing an exhilarating sound. Other features include Vintage Air climate control, power-assisted steering, and a locking storage compartment in the center console. With just around 280 miles indicated on the odometer, this Chevelle offers a rare opportunity to own a stunningly restored classic with modern performance enhancements.	1966	280	6.2	2	136676Z102963	36950	2025-10-14 23:02:05.301453+00	2025-10-19 19:26:29.95667+00	3	1	1	3	3	2	8	3	1
2	Classic 1952 Jaguar XK120 Roadster	This 1952 Jaguar XK120 Roadster is a classic British sports car finished in British Racing Green, a color that was applied in the 1980s. It’s powered by a 3.4-liter inline-six engine, paired with a four-speed manual transmission, offering an engaging driving experience. The car features a tan leather interior, complemented by a tan soft top and removable side curtains. The exterior is equipped with 15” steel wheels with hubcaps, a split front windshield, and front driving lights. Smiths gauges provide essential driving information, while the AM/FM radio adds to the driving enjoyment. The car has been in long-term ownership since the late 1950s, with its most recent owner keeping it until 2025. It comes with a Jaguar Heritage Trust certificate, service records, and spare wheels and parts. The engine was rebuilt in the mid-1980s, and an oil change was performed in 2025 to ensure the car is ready for its next owner. With just 41,000 miles on the odometer, this XK120 is a true collector's item.	1952	41000	3.4	2	672736	24750	2025-10-14 22:55:40.910621+00	2025-10-19 19:29:06.981211+00	2	1	1	2	2	2	6	2	1
5	1954 Ford F-100 Pickup	This 1954 Ford F-100 pickup was refurbished in 1990, receiving a fresh coat of DuPont Concord Blue paint and a rebuilt 390ci V8 engine. It’s paired with a C6 three-speed automatic transmission, and power is routed to the rear wheels. The truck features a custom wood bed floor with stainless panels and Mercury car taillights, adding a unique touch to its classic styling. A front drop axle and power-assisted front disc brakes ensure a smooth and controlled ride. Inside, the cabin is outfitted with a gray velour bench seat, custom carpeting, and a Pioneer stereo for modern comfort. The dashboard includes Stewart-Warner auxiliary gauges and a banjo-style steering wheel mounted to an Ididit column. This F-100 also features a dual MagnaFlow exhaust system for a deep, aggressive sound. With power steering and 20" American Racing wheels, the truck offers a perfect blend of vintage appeal and modern performance. With just 8,000 miles on the odometer since its 1990 refurbishment, this custom F-100 is ready to turn heads.	1954	8000	6.4	2	F10V4L19175	17300	2025-10-14 23:16:41.557301+00	2025-10-19 19:27:26.083511+00	5	1	1	1	1	1	8	1	1
8	1955 Chevrolet Bel Air Convertible	This 1955 Chevrolet Bel Air Convertible is a highly modified classic, featuring a supercharged 6.2L LSA V8 engine sourced from a Cadillac CTS-V, paired with a 6-speed automatic transmission and a 3.25:1 Positraction rear differential. The car is built on an Art Morrison GT Sport chassis, which includes independent front suspension and a four-link rear setup with four-wheel adjustable coilovers for a smooth ride. The exterior is finished in black with a power-operated black soft top, while the interior features a custom design with black leather and suede upholstery. Modern amenities include Vintage Air HVAC, power windows, a Custom Autosound stereo system, and a boost pressure gauge. The car rides on polished 18" and 19" Intro wheels wrapped in high-performance tires. The five-digit odometer shows 1,200 miles, which are attributed to the custom build. With Wilwood four-wheel disc brakes and a fully restored interior, this Bel Air delivers both style and performance.	1955	1200	6.2	2	VC55F066627	37450	2025-10-14 23:32:15.628894+00	2025-10-19 19:24:22.469013+00	3	1	1	3	7	1	8	3	1
12	1967 Chevrolet Corvette C2 Coupe	This 1967 Chevrolet Corvette C2 Coupe is finished in Ermine White and features a white vinyl interior, both of which were refurbished under previous ownership. It is powered by a 327ci V8 engine mated to a two-speed Powerglide automatic transmission. The car is equipped with side-exit exhaust pipes, adding a distinctive touch to its look and sound. Exterior features include 15" turbine-style alloy wheels, chrome bumpers, and retractable headlights. Inside, the car retains its original design with a restored interior, including bucket seats and wood-rimmed steering wheel. The vehicle also includes modern conveniences such as air conditioning, power windows, and an AM/FM radio. Recent maintenance work includes new tires, belts, and overhauled brake and steering systems. This Corvette is an excellent example of a classic American sports car, showcasing both vintage appeal and reliable performance.	1967	45000	5.4	2	194377S119080	30950	2025-10-14 23:52:30.87561+00	2025-10-19 19:38:30.961741+00	10	1	1	3	5	1	8	4	1
10	1969 Mercedes-Benz 280SE Cabriolet	This 1969 Mercedes-Benz 280SE Cabriolet is one of only approximately 1,390 examples built. It features a rare 4-speed manual transmission paired with a 2.8L inline-six engine, providing a perfect balance of power and control. The exterior is finished in elegant Moss Green Metallic with a beige leather interior, complemented by a brown soft top. The car has been refurbished, with the bodywork and leather upholstery overhauled during the restoration process. The suspension includes an independent double-wishbone front system and a rear single-joint swing axle, offering a smooth and stable ride. The car is equipped with power-assisted disc brakes and a Becker AM/FM radio for modern comfort. Inside, the cabin features wood trim accents, a dashboard-mounted clock, and air conditioning converted to R134a. The car has been driven only about 8,600 miles since the restoration, making it a low-mileage example of this classic luxury convertible.	1969	25000	2.8	2	11102510002676	37500	2025-10-14 23:44:49.943082+00	2025-10-19 19:34:46.147766+00	9	1	1	5	9	2	6	6	1
9	1966 Chevrolet Chevy II Nova	This 1966 Chevrolet Chevy II Nova was custom-built in 2024 with a reported cost of $290k. It features a supercharged 555ci V8 engine from Pat Musi Racing, paired with a six-speed automatic transmission and a Wavetrack limited-slip differential. The exterior is finished in Axalta Cromax Pro Satin White, and the car rides on custom 17" Billet Specialties wheels. Inside, the cabin is equipped with black leather upholstery, a custom-built dash, and a 10-point roll cage painted Shark Gray. The suspension includes a Chris Alston Chassisworks front clip with A-arms, power steering, and Wilwood disc brakes for superior handling. The car was showcased at SEMA and featured in Street Muscle magazine. This Nova also boasts modern features such as Vintage Air HVAC, an aftermarket stereo, and a Holley EFI Dominator system. With only ~300 miles driven since completion, this car is virtually brand new and ready for show or track use.	1966	300	9	2	113116W140170	32450	2025-10-14 23:37:44.371051+00	2025-10-19 19:11:11.520864+00	8	1	1	3	8	1	8	5	1
11	1968 Shelby Mustang GT500KR Convertible	This 1968 Shelby Mustang GT500KR Convertible is one of just 518 examples built in that year. It is powered by the legendary 428ci Cobra Jet V8 engine, mated to a three-speed automatic transmission and equipped with a Traction-Lok rear differential. The car was repainted in black and features a white power-operated soft top, adding to its striking appearance. Inside, the cabin is finished with black vinyl upholstery, and custom interior trim includes Carroll Shelby’s signature. This Mustang also comes with Shelby 10-spoke alloy wheels, power steering, and front disc brakes. Additional features include an Interior Decor Group, a Visibility Group, and a push-button radio. The car is offered with a Deluxe Marti Report, confirming its authenticity and original specifications. With just 33,000 miles, this GT500KR is a highly collectible piece of automotive history.	1968	33000	7	2	8T03R206060	36450	2025-10-14 23:48:03.167862+00	2025-10-19 19:28:18.469127+00	3	1	1	1	10	1	8	3	1
7	1969 GMC C1500 Pickup	This 1969 GMC C1500 pickup has been modified with a replacement 383ci V8 engine and paired with a three-speed automatic transmission. The exterior features a striking black and silver two-tone finish, with a lowered suspension that sits on 22" US Mags wheels. It has been equipped with power-assisted front disc brakes, power steering, and an aluminum radiator for improved performance. Inside, the truck is outfitted with black vinyl upholstery and features an aftermarket digital stereo system, air conditioning, and GMC rubber floor mats. The truck is also fitted with long-tube headers and a custom dual exhaust system that terminates ahead of the rear axle. The paint on the door panels is bubbling, but the rest of the truck remains in great condition. The odometer reads 21,000 miles, though total mileage is unknown. Acquired by the selling dealer in 2024, the truck comes with a clean Mississippi title.	1969	21000	6.3	2	CE10DSA31792	25450	2025-10-14 23:25:24.673086+00	2025-10-19 19:37:04.389082+00	7	1	1	4	6	1	8	1	1
16	1970 Dodge Challenger Hemi	This 1970 Dodge Challenger is a true muscle car icon, powered by the legendary 426ci Hemi V8 engine that produces 425 horsepower. The engine is paired with a 727 TorqueFlite automatic transmission and is backed by a Dana 60 rear axle with 4.10 gears for optimal performance. The exterior is finished in striking Hemi Orange, with classic features such as factory hood pins, chrome racing mirrors, and a rear spoiler. Inside, the black vinyl bucket seats are in excellent condition, complementing the car’s aggressive style. The car is equipped with a heavy-duty suspension, power steering, and power front disc/rear drum brakes, all in great condition. The steel 15" Rallye wheels are described as "excellent," completing the car’s classic look. The gauges, AM radio, and heater all function properly, enhancing the driving experience. With only 57,480 miles, this Challenger is a well-preserved example of one of the most iconic American muscle cars.	1970	57480	7	2	JS23ROB220388	34850	2025-10-15 00:06:48.313074+00	2025-10-19 19:32:50.857866+00	14	1	1	6	13	1	8	4	1
14	1956 Chevrolet Bel Air Nomad	This 1956 Chevrolet Bel Air Nomad is a rare example of the 7,886 units produced, having undergone a complete frame-off restoration. Powered by a Ram Jet 350ci V8 crate engine, it features a Turbo 350 three-speed automatic transmission and a modified exhaust system. The car is finished in Sinful Cinnamon and Diamond White, and the exterior is complemented by restored chrome, polished stainless trim, and unique “Fuel Injection” badging. Inside, the cabin boasts tan and white leather upholstery, with custom features like red carpeting, Vintage Air climate control, and power windows. The car also includes an aftermarket push-button radio and Classic Instruments gauges. The engine is further enhanced with coated tubular headers, an aluminum radiator, and a polished drive-belt system. Recent maintenance includes the replacement of header gaskets and a power window motor in December 2024. This Nomad is an outstanding example of mid-century automotive design, ready for both show and road use.	1956	9000	5.8	2	VC56K036013	34900	2025-10-15 00:00:06.933744+00	2025-10-19 19:39:14.156206+00	12	1	1	3	12	1	8	8	1
15	1967 Ford F-100	This custom 1967 Ford F-100 is powered by a 5.0L Coyote V8 paired with a six-speed automatic transmission. The truck was finished in Avalanche Grey, with modern touches including a TMI split-bench seat in black vinyl. The suspension is a mix of Crown Victoria and Mustang components with coilovers, while the bed has been Raptor-lined for durability. The truck is also equipped with Volvo electric power steering, 19" Shelby GT350 wheels, and modern lighting, including JL “halo” headlights. The exterior has been smoothed and repainted, with the hood shaved and corrosion repaired. The interior features a stitched dashboard, carpeting, and an LMC Truck-sourced headliner, with a push-button starter for convenience. With just 250 miles on the build, this F-100 is a fresh custom build, combining modern performance with classic styling.	1967	250	5	2	F10ANB54015	23550	2025-10-15 00:02:35.893115+00	2025-10-19 19:35:32.50484+00	13	1	1	1	1	1	8	1	1
17	1958 Chevrolet Bel Air	This 1958 Chevrolet Bel Air features a powerful 572ci GM Performance V8 engine paired with a Tremec 5-speed manual transmission. The car was custom-built with a modernized suspension, including Ridetech air suspension, Wilwood disc brakes, and a Currie 9” rear end with a limited-slip differential. The exterior is finished in a striking metallic blue, and the car sits on Schott Octane 19” and 20” wheels, wrapped in high-performance tires. Inside, the custom interior features brown leather upholstery, patterned cloth inserts, and blue square-weave carpets. The car also includes a Sparc Industries steering wheel, Dakota Digital gauges, and a custom center console housing a Hurst shifter and Kicker head unit. The 572ci engine is equipped with a Barry Grant Demon carburetor and MSD distributor for enhanced performance. This Bel Air is a true showstopper, having been featured in Modern Rodding and receiving a Top 25 award at the Triple Crown of Rodding.	1958	347	9.4	2	F580145549	23400	2025-10-15 00:09:31.42485+00	2025-10-19 19:39:56.617295+00	15	1	1	3	7	2	8	9	1
21	1968 Ford Mustang GT500-Style Fastback	This 1968 Ford Mustang GT500-Style Fastback is a meticulously rebuilt custom car, powered by a 700-horsepower 520ci Kaase V8 engine. The engine is paired with a Tremec T56 six-speed manual transmission and a Detroit Locker rear end, providing incredible performance. The body was stripped and fitted with a Shelby-style kit, including a lengthened GT500 hood, custom fiberglass accents, and a white and blue paint scheme. The suspension features a TCI setup with Mustang II-style front components and a powder-coated three-link rear, complemented by Wilwood brakes and Rushforth wheels. Inside, the cabin features blue leather upholstery and a custom center console, with gauges from Auto Meter and a Flaming River steering column. Modern features include a custom electrical panel with Ford GT-style toggles and a launch limiter for added performance. With just ~570 miles driven since the completion of the build, this Mustang offers modern performance in an iconic package.	1968	570	8.5	2	8F02J187811	21200	2025-10-15 00:28:10.966566+00	2025-10-19 19:33:57.576718+00	17	1	1	1	17	2	8	7	1
22	1959 Chevrolet Corvette	This 1959 Chevrolet Corvette is a fully rebuilt and modified example, with a 383ci Stroker V8 engine producing impressive power, paired with a Tremec five-speed manual transmission. The car is refinished in black with silver coves and features a black convertible soft top and a removable body-color hardtop for versatility. The suspension has been upgraded with a Jim Meyer independent front suspension kit, while braking power comes from power-assisted four-wheel disc brakes. The exterior also includes a custom set of 17" Rocket Racing alloy wheels, quad headlights, and chrome split bumpers. Inside, the car features gray leather upholstery with Corvette wordmark embroidery, a RetroSound stereo, and air conditioning for modern comfort. The dashboard includes a 160-mph speedometer, a tachometer, and auxiliary gauges. This Corvette is a remarkable blend of classic styling and modern performance enhancements, offering both a stunning look and thrilling driving experience.	1959	33000	6.3	2	J59S101393	26650	2025-10-15 00:32:14.098657+00	2025-10-19 19:25:29.793581+00	3	1	1	3	5	2	8	3	1
6	1963 Chevrolet Corvette Split-Window Coupe	This 1963 Chevrolet Corvette Split-Window Coupe features a 327ci V8 engine paired with a four-speed manual transmission, offering a classic American sports car experience. The body is refinished in Silver Blue, with dark blue vinyl upholstery that complements the sleek exterior. It’s equipped with a Positraction differential, ensuring enhanced traction and handling. The Corvette features iconic design elements such as concealed headlights, a chrome grille, and a dual exhaust system. The interior includes factory instrumentation, an AM/FM radio, and restored bucket seats. The car has received NCRS Top Flight honors for its restoration quality, and it was completed in 2011, with the current owner since 2012. This Corvette rides on 15" steel wheels with knock-off-style covers and features independent suspension for a smooth ride. With just 9,000 miles, this car is a prime example of a well-maintained and restored classic.	1963	9000	5.4	2	30837S117955	34750	2025-10-14 23:21:34.900133+00	2025-10-19 19:31:09.8813+00	6	1	1	3	5	2	8	4	1
13	1969 Shelby Mustang GT350 Fastback	This 1969 Shelby GT350 is one of only approximately 673 fastback models produced that year. Originally delivered to Galpin Ford in Southern California, it remained in one family’s ownership for 54 years. The car has been modified with a rebuilt 351 V8, an Isky camshaft, headers, an aluminum flywheel, and 3.89 gears. The exterior has been repainted from its original Acapulco Blue to a slightly darker shade, and the tail features modifications like relocated plates, re-routed exhaust, and new taillights. The car rides on 15" Shelby wheels and is equipped with power steering and front disc brakes. The interior features black vinyl bucket seats, woodgrain trim, a Shelby-specific center console, and a roll bar. Vintage Air climate control has been added for modern comfort, and the car is also equipped with an AM/FM radio. The car comes with historical documents, the original window sticker, service records, and a clean California title.	1969	21000	5.8	2	9F02M480088	34450	2025-10-14 23:56:27.176467+00	2025-10-19 19:32:06.222712+00	11	1	1	1	11	2	8	7	1
18	1967 Shelby Cobra Mustang GT500 Fastback Tribute	This 1967 Shelby Cobra Mustang GT500 Fastback Tribute is a high-performance recreation of the iconic muscle car, powered by a new 427ci 351W stroker engine with Holley Sniper EFI. The car features a Tremec 5-speed manual transmission and a 9" Ford Tru-Trac Posi rear end with 3.50 gears for enhanced performance. The body is painted in black with distinctive black Le Mans stripes, and the car is equipped with Shelby hood scoops, a fiberglass nose, and side exhaust openings. The suspension includes a rear 4-link setup with coilovers and a front subframe with QA1 shocks for excellent handling. Inside, the cabin features a custom leather interior, a Sparc Industries steering wheel, Dakota Digital gauges, and a Hurst shifter. This tribute has been meticulously built with no expenses spared, featuring modern amenities like Vintage Air and a custom audio system. The car rides on 17" AC Cobra wheels, and it has been showcased for its craftsmanship, making it a prime example of a muscle car with modern touches.	1967	479	7	2	7R02T184212	25700	2025-10-15 00:13:45.32245+00	2025-10-19 19:36:18.516429+00	3	1	1	1	14	2	8	7	1
\.


--
-- Data for Name: api_carslisting_features; Type: TABLE DATA; Schema: public; Owner: myuser
--

COPY public.api_carslisting_features (id, carslisting_id, feature_id) FROM stdin;
1	1	1
2	1	2
3	1	3
4	2	4
5	2	5
6	2	6
7	2	7
8	3	8
9	3	9
10	3	5
11	4	8
12	4	9
13	4	5
14	5	10
15	5	11
16	5	5
17	6	4
18	6	12
19	7	8
20	7	10
21	7	5
22	8	13
23	8	5
24	9	10
25	9	13
26	9	14
27	10	4
28	11	10
29	12	4
30	12	15
31	13	8
32	13	4
33	14	16
34	14	13
35	15	10
36	16	4
37	17	9
38	18	9
39	18	13
40	18	5
44	22	5
45	22	15
\.


--
-- Data for Name: api_carslisting_safety_features; Type: TABLE DATA; Schema: public; Owner: myuser
--

COPY public.api_carslisting_safety_features (id, carslisting_id, safetyfeature_id) FROM stdin;
\.


--
-- Data for Name: api_cartype; Type: TABLE DATA; Schema: public; Owner: myuser
--

COPY public.api_cartype (id, type) FROM stdin;
1	Pickup
2	Roadster
3	Convertible
4	Coupe
5	Sedan
6	Cabriolet
7	Fastback
8	Wagon
9	Hardtop
\.


--
-- Data for Name: api_color; Type: TABLE DATA; Schema: public; Owner: myuser
--

COPY public.api_color (id, name) FROM stdin;
1	Metallic Gray
2	British Racing Green
3	Black
4	Matte Black & White
5	DuPont Concord Blue
6	Silver Blue
7	Black & Silver
8	Satin White
9	Moss Green Metallic
10	Ermine White
11	Blue
12	Sinful Cinnamon & Diamond White
13	Avalanche Grey
14	Hemi Orange
15	Metallic Blue
16	Guards Red
17	White
\.


--
-- Data for Name: api_condition; Type: TABLE DATA; Schema: public; Owner: myuser
--

COPY public.api_condition (id, type) FROM stdin;
1	Used
2	New
\.


--
-- Data for Name: api_drivetype; Type: TABLE DATA; Schema: public; Owner: myuser
--

COPY public.api_drivetype (id, type) FROM stdin;
1	RWD
\.


--
-- Data for Name: api_feature; Type: TABLE DATA; Schema: public; Owner: myuser
--

COPY public.api_feature (id, name) FROM stdin;
1	Ford Performance Control Pack
2	Front & Rear Spoilers
3	Touchscreen Head Unit
4	AM/FM Radio
5	Aftermarket Speakers
6	Tan Soft Top & Side Curtains
7	Tan Leather Upholstery
8	Air Climate Control
9	Dakota Digital Gauges
10	Power Steering
11	Stewart-Warner Gauges
12	NCRS Top Flight Award
13	Vintage Air HVAC System
14	Custom Leather Upholstery
15	Air Conditioning
16	Aftermarket Push-Button Radio
\.


--
-- Data for Name: api_fueltype; Type: TABLE DATA; Schema: public; Owner: myuser
--

COPY public.api_fueltype (id, type) FROM stdin;
1	Petrol
\.


--
-- Data for Name: api_inquiry; Type: TABLE DATA; Schema: public; Owner: myuser
--

COPY public.api_inquiry (id, name, email, phone, message, created_at, listing_id, status_id) FROM stdin;
5	Daniel Edwards	daniel.websolution6@gmail.com	1234567890	Hello,\n\nFollowing the completion of your website, we conducted a quick backend check to ensure everything was functioning smoothly. However, the results revealed that your website is currently not appearing on major search engines like Google and Bing when relevant keywords related to your business are searched.\n\nThis is primarily due to the lack of proper SEO (Search Engine Optimization), which is currently incomplete. Without it, your website will struggle to appear in search results, meaning your target audience won’t be able to find you and your site won’t receive the traffic or conversions it was designed to generate.\n\nPlease share your phone number and a convenient time for a brief call. We’d be happy to guide you on how we can help you attract more traffic.\n\nThanks,\nDaniel Edwards	2025-10-15 17:50:02.329864+00	\N	5
4	Nishant Sharma	nishant.developer22@gmail.com	1201201200	"Hi,\nI visited your website online and discovered that it was not showing up in any search results for the majority of keywords related to your company on Google, Yahoo, or Bing.\n\nDo you want more targeted visitors on your website?\n\nWe can place your website on Google’s 1st Page. yahoo, AOL, Bing. Etc.\n\nIf interested, kindly provide me your name, phone number, and email.\n\nRegards,\nNishant Sharma"	2025-10-15 13:26:39.539884+00	\N	4
3	Nishant Sharma	nishant.developer22@gmail.com	1201201200	"Hi,\nI visited your website online and discovered that it was not showing up in any search results for the majority of keywords related to your company on Google, Yahoo, or Bing.\n\nDo you want more targeted visitors on your website?\n\nWe can place your website on Google’s 1st Page. yahoo, AOL, Bing. Etc.\n\nIf interested, kindly provide me your name, phone number, and email.\n\nRegards,\nNishant Sharma"	2025-10-15 13:26:31.826+00	\N	6
6	Matthew	matthew345@aol.com	276456731	nice i am interested	2025-10-22 19:33:53.070335+00	15	6
\.


--
-- Data for Name: api_inquirycomments; Type: TABLE DATA; Schema: public; Owner: myuser
--

COPY public.api_inquirycomments (id, comment, created_at, inquiry_id) FROM stdin;
1	Test Inquiry Comment	2025-10-19 12:21:18.080982+00	5
2	Test Inquiry Comment 2	2025-10-19 12:21:43.614997+00	5
3	a	2025-10-19 16:37:17.176397+00	3
4	hgijdkhf	2025-10-24 19:32:15.42349+00	6
5	efkfekfj	2025-10-24 19:32:15.424377+00	6
\.


--
-- Data for Name: api_listingimage; Type: TABLE DATA; Schema: public; Owner: myuser
--

COPY public.api_listingimage (id, path, uploaded_at, listing_id) FROM stdin;
361	listings/17/5aa2e902-aa85-4f23-b959-a17bb8b5d1ec.jpg	2025-10-19 19:39:56.620103+00	17
362	listings/17/539b66e8-37d3-4352-ae02-b4ea76a2e21d.jpg	2025-10-19 19:39:56.62112+00	17
363	listings/17/fad20130-3e4b-42e1-8ed9-05737040b7ca.jpg	2025-10-19 19:39:56.621947+00	17
364	listings/17/ad8adbb2-ace1-4c14-a7c9-9f07b29207f2.jpg	2025-10-19 19:39:56.622847+00	17
365	listings/17/091bbd83-7402-4f46-bc6a-20d913ebc2dc.jpg	2025-10-19 19:39:56.624123+00	17
366	listings/17/bd303efb-f56b-4d9a-bd61-078bb8c844ad.jpg	2025-10-19 19:39:56.625071+00	17
367	listings/17/7615508c-1702-4f0c-b004-8c94af77dac8.png	2025-10-19 19:39:56.627141+00	17
368	listings/17/75b3d464-1901-463f-9f36-22efc7c63b33.png	2025-10-19 19:39:56.629315+00	17
369	listings/17/7fa9bfef-608e-46f2-af8f-38dde4213186.jpg	2025-10-19 19:39:56.630099+00	17
370	listings/17/df5d4f1d-ce7b-437d-9800-440d04b0c7fa.jpg	2025-10-19 19:39:56.630804+00	17
231	listings/11/5be80fc1-4c1d-4985-9858-8688a8c997d4.jpg	2025-10-19 19:28:18.471789+00	11
232	listings/11/13734b00-c938-46a4-a393-256acea8be1b.jpg	2025-10-19 19:28:18.472861+00	11
233	listings/11/e82b27ef-3107-41c2-a37d-43b3afada8fc.jpg	2025-10-19 19:28:18.473713+00	11
234	listings/11/9e6a9040-a569-43d0-8344-a42d2322c392.jpg	2025-10-19 19:28:18.474685+00	11
235	listings/11/70f89ed0-a176-4739-9309-ad2639525bb7.jpg	2025-10-19 19:28:18.475549+00	11
236	listings/11/bcb9e729-4aee-4808-8d18-3d3a677fc4b1.jpg	2025-10-19 19:28:18.476464+00	11
237	listings/11/2141b6df-eb9e-455a-abf1-5df14cb06aa9.jpg	2025-10-19 19:28:18.477249+00	11
238	listings/11/cb286d68-bcf8-42d4-82f6-4f25ce3764e5.jpg	2025-10-19 19:28:18.478085+00	11
239	listings/11/0e0ef1d8-aa32-45de-9b32-798c1ac85546.jpg	2025-10-19 19:28:18.478779+00	11
240	listings/11/fed37a88-e0e1-459a-972d-ef85774b05b1.jpg	2025-10-19 19:28:18.479526+00	11
271	listings/13/a5f76760-613a-4765-bcd4-9dc267f12a08.jpeg	2025-10-19 19:32:06.225738+00	13
272	listings/13/9d32cdf5-7dba-4071-a411-e730547b8a8a.jpeg	2025-10-19 19:32:06.226793+00	13
273	listings/13/0269eb4e-359d-4537-bd42-50f07409d12e.jpeg	2025-10-19 19:32:06.227725+00	13
274	listings/13/e52280e0-b42b-4dfc-9dff-253630d3c269.jpeg	2025-10-19 19:32:06.228858+00	13
275	listings/13/7d054473-e4cc-410c-a194-3b4349e31cb1.png	2025-10-19 19:32:06.230916+00	13
276	listings/13/0bbae1ce-8053-48bc-8f8e-fd46a81de14a.jpeg	2025-10-19 19:32:06.23193+00	13
277	listings/13/f0ab9d58-ee6c-4034-a24d-ce6088dd0a39.png	2025-10-19 19:32:06.234005+00	13
278	listings/13/ab28f29d-73f8-4d5e-95a3-7363ccc0bce0.png	2025-10-19 19:32:06.23597+00	13
279	listings/13/87895edb-eed3-4040-bdeb-b82cfd1fa73c.jpeg	2025-10-19 19:32:06.23677+00	13
280	listings/13/e4b37191-eaa7-412f-ac45-289721cbdb9b.jpeg	2025-10-19 19:32:06.237606+00	13
301	listings/10/3361ae37-04dd-4a7f-86e2-a70ab8648b68.jpeg	2025-10-19 19:34:46.151903+00	10
302	listings/10/197969bc-ef1d-4ccd-81e3-8b12343169dd.jpeg	2025-10-19 19:34:46.152805+00	10
303	listings/10/85350240-c33d-407b-b16e-8c076e2f7c7b.jpeg	2025-10-19 19:34:46.153745+00	10
304	listings/10/1de8d6e3-742e-46b0-b63b-9f70eaa20385.jpeg	2025-10-19 19:34:46.154701+00	10
305	listings/10/206b7c61-2428-4457-a4dd-31c70eb40e90.jpeg	2025-10-19 19:34:46.155407+00	10
306	listings/10/87034f53-906e-4b76-961e-9e67675b1cc5.jpeg	2025-10-19 19:34:46.156268+00	10
307	listings/10/e05c4887-35f9-43ca-9f5f-3d09cee94b52.png	2025-10-19 19:34:46.157999+00	10
308	listings/10/d7b79330-9948-4edb-9fa6-a2e1330cbf18.png	2025-10-19 19:34:46.159999+00	10
309	listings/10/ef3393d7-ec56-405c-8551-8ae749864959.png	2025-10-19 19:34:46.161684+00	10
310	listings/10/2f6cbf05-4113-4637-9f01-62151e0dffd3.jpeg	2025-10-19 19:34:46.162524+00	10
331	listings/7/92f63330-fbc5-4497-b744-48c5a894574d.jpg	2025-10-19 19:37:04.39164+00	7
332	listings/7/6c62fb0e-0b81-4d87-a5b3-cfd10cb6e942.jpg	2025-10-19 19:37:04.39252+00	7
333	listings/7/2fcd0890-1236-4572-8e28-9a44a638c63a.jpg	2025-10-19 19:37:04.393241+00	7
334	listings/7/2d6946e6-90ae-40a9-bc7f-2e902d1cf5fe.jpg	2025-10-19 19:37:04.394024+00	7
335	listings/7/1fb7dcca-e9b7-4581-ae59-0020d09082d6.jpg	2025-10-19 19:37:04.394735+00	7
336	listings/7/49d6c788-f78e-4aff-8374-a753d1cfef0c.jpg	2025-10-19 19:37:04.395414+00	7
337	listings/7/88012cca-2a19-49dc-9570-b6e91868f19f.jpg	2025-10-19 19:37:04.396207+00	7
338	listings/7/44f1f538-7da9-4552-b9d5-344bdbd57e51.jpg	2025-10-19 19:37:04.396846+00	7
339	listings/7/6c24545e-e79b-4e23-a547-928366e097ae.jpg	2025-10-19 19:37:04.397624+00	7
340	listings/7/d4f73257-6aea-4a21-a7ad-1352d2e0ce68.jpg	2025-10-19 19:37:04.398407+00	7
351	listings/14/aa8fe5f6-b966-43d4-8055-0ed9258d5c3f.jpg	2025-10-19 19:39:14.160661+00	14
352	listings/14/4ec10d1c-6329-4eb4-a857-fe494e3d4692.jpg	2025-10-19 19:39:14.162178+00	14
353	listings/14/8a88b72a-1699-4616-8a5a-7e67eb131beb.jpg	2025-10-19 19:39:14.163389+00	14
354	listings/14/b460508a-af67-493d-84cd-941f1b37224a.jpg	2025-10-19 19:39:14.164358+00	14
355	listings/14/f2fd9e5c-0683-49c8-8064-22c822292afb.png	2025-10-19 19:39:14.166401+00	14
356	listings/14/c955a6b1-bd06-41a3-8ea9-3fe021f79587.jpg	2025-10-19 19:39:14.16745+00	14
357	listings/14/b80bd6f8-bd74-430f-a0fe-ace248d2f22e.png	2025-10-19 19:39:14.169619+00	14
358	listings/14/c25fb69d-f8d7-4a07-bc6c-1ea470a9641a.jpg	2025-10-19 19:39:14.170431+00	14
359	listings/14/571c323f-6fd3-4a4b-9c5f-90cd5c7cd69a.jpg	2025-10-19 19:39:14.171407+00	14
360	listings/14/d566fd00-99ca-4de6-bb54-052846336787.jpg	2025-10-19 19:39:14.17224+00	14
241	listings/2/9fea5556-1f7b-49b9-95c9-a0c968c4a505.jpg	2025-10-19 19:29:06.983496+00	2
242	listings/2/4c5c09d3-c485-4b22-819d-72d20bd3a1b1.jpg	2025-10-19 19:29:06.984301+00	2
243	listings/2/2be14be4-7114-476c-958d-e20b6ca597fd.jpg	2025-10-19 19:29:06.985059+00	2
244	listings/2/721fc66c-22b1-47db-95e9-306430eafb76.jpg	2025-10-19 19:29:06.985763+00	2
245	listings/2/e720a9d6-dadb-41e9-9ca0-c28a96286e15.jpg	2025-10-19 19:29:06.986501+00	2
246	listings/2/493654e8-3b9b-4865-9ce3-418dd4216ea8.jpg	2025-10-19 19:29:06.987196+00	2
247	listings/2/6c8ac6ec-0580-4f92-8cad-a0a80729d490.jpg	2025-10-19 19:29:06.987896+00	2
248	listings/2/204fa108-3465-46fe-9889-0d9e98c2e366.jpg	2025-10-19 19:29:06.9886+00	2
249	listings/2/df9135e0-cfb3-43fd-b798-f8a7620243f1.jpg	2025-10-19 19:29:06.989315+00	2
250	listings/2/647948da-0d82-4034-94fb-8d521b050362.png	2025-10-19 19:29:06.991057+00	2
281	listings/16/c00b82b8-83ea-4ff1-b6bd-83f79de2a3f5.jpg	2025-10-19 19:32:50.860578+00	16
282	listings/16/08b0e719-1200-4c10-9b89-771ff00b27e0.jpg	2025-10-19 19:32:50.861551+00	16
283	listings/16/4e1f53c9-9f59-4dc0-b308-6e2dc00f9cf7.jpg	2025-10-19 19:32:50.862478+00	16
284	listings/16/7789aa12-7f9e-4536-9727-2ad871abbe55.jpg	2025-10-19 19:32:50.863396+00	16
285	listings/16/7082c0ed-5d75-456e-86dc-0c86ad5778f8.jpg	2025-10-19 19:32:50.864272+00	16
286	listings/16/1e3b16cc-dea8-46ed-b73f-54011384e381.png	2025-10-19 19:32:50.866268+00	16
287	listings/16/9bfdf177-ba77-4a33-986b-33a6a706e1ce.jpg	2025-10-19 19:32:50.866921+00	16
288	listings/16/cc09c291-763f-4527-bf05-c69935cd02c4.png	2025-10-19 19:32:50.868789+00	16
289	listings/16/80efa446-5b14-46a4-8d4c-ddc7e80fcc24.jpg	2025-10-19 19:32:50.869555+00	16
290	listings/16/56c7e9d1-b97c-426c-9577-f7a8168eedfb.jpg	2025-10-19 19:32:50.870392+00	16
311	listings/15/59796a18-dfa0-40a7-9498-23e908376197.jpg	2025-10-19 19:35:32.507644+00	15
312	listings/15/333cd174-fbcc-4536-a48b-eedd6736ac3a.jpg	2025-10-19 19:35:32.508675+00	15
313	listings/15/1a343f28-b5f1-40d0-b70c-e39ecc4abb3c.jpg	2025-10-19 19:35:32.50948+00	15
314	listings/15/59a6fd03-3fb3-44ee-a353-9162fd8a21e3.jpg	2025-10-19 19:35:32.510442+00	15
315	listings/15/c69cab97-6e1d-4059-84a7-eb0c269910f1.jpg	2025-10-19 19:35:32.511287+00	15
316	listings/15/6f295a1e-0ca1-4925-8d2f-6d1451a4df0c.png	2025-10-19 19:35:32.513218+00	15
317	listings/15/435f1416-69e8-4fbb-8537-746d7cdccad5.png	2025-10-19 19:35:32.515091+00	15
318	listings/15/87579ee1-69dc-4bc3-a5cf-8ce9e3813b37.jpg	2025-10-19 19:35:32.515802+00	15
319	listings/15/28b02dbb-3428-4f58-8074-492e09e69401.jpg	2025-10-19 19:35:32.516568+00	15
320	listings/15/f679aa4e-a61f-45ea-be08-829a174c2cb3.jpg	2025-10-19 19:35:32.517262+00	15
341	listings/12/2ac14e94-e66b-42c5-85cf-f095a061af4b.jpg	2025-10-19 19:38:30.964469+00	12
342	listings/12/4dd5a796-4509-461f-883e-3879ce51a24a.jpg	2025-10-19 19:38:30.965384+00	12
343	listings/12/d43008f3-edc6-497c-90c0-0c30c01f2bfe.jpg	2025-10-19 19:38:30.966261+00	12
344	listings/12/2b95574d-0a37-45a0-af7f-d430e13a6477.jpg	2025-10-19 19:38:30.967139+00	12
345	listings/12/99645f55-5633-43bc-8fbc-a6ffbabc187d.jpg	2025-10-19 19:38:30.96793+00	12
346	listings/12/d4b32d63-4218-40e1-9113-2f1d09d0b012.jpg	2025-10-19 19:38:30.968743+00	12
347	listings/12/4e86763a-9821-4ba8-aa71-84b5b788eb41.jpg	2025-10-19 19:38:30.969508+00	12
251	listings/1/1ec636a7-62e2-40db-b41f-ddb705536639.jpg	2025-10-19 19:30:02.491256+00	1
252	listings/1/cb7fb1ca-ac0e-4b54-90a9-0059e3bc5bff.jpg	2025-10-19 19:30:02.492337+00	1
253	listings/1/c830fe84-e0d6-4bd8-91b2-455d0bba609a.jpg	2025-10-19 19:30:02.493216+00	1
254	listings/1/f58bc1e8-b65f-48dd-b25f-c2fc9c104ecc.jpg	2025-10-19 19:30:02.493986+00	1
255	listings/1/c619cc64-de6c-4fa4-9f3c-2173dafc3b22.jpg	2025-10-19 19:30:02.49471+00	1
256	listings/1/ad9a1317-078c-42ee-937e-0182d62ec650.jpg	2025-10-19 19:30:02.495431+00	1
257	listings/1/83f7cc72-0113-4c41-8fa0-6a90090d3a18.jpg	2025-10-19 19:30:02.496116+00	1
258	listings/1/9e4ce302-85f0-4f21-8845-0dc24872873a.png	2025-10-19 19:30:02.498025+00	1
259	listings/1/427d957d-76cd-42dd-92a5-009dbc556537.png	2025-10-19 19:30:02.499993+00	1
260	listings/1/a37fbb6e-afba-48e3-b693-da64d1176df4.jpg	2025-10-19 19:30:02.500757+00	1
291	listings/21/672f36f7-44b0-4f12-af8d-167019b2b761.jpeg	2025-10-19 19:33:57.579693+00	21
292	listings/21/12cad646-875b-4e7b-b6d9-518608ab1077.jpeg	2025-10-19 19:33:57.580963+00	21
293	listings/21/c16fbb62-6eca-4509-92d7-17ae753b320b.jpeg	2025-10-19 19:33:57.581727+00	21
294	listings/21/3b5dabf0-5f45-40ca-9f08-0cdfa700b094.jpeg	2025-10-19 19:33:57.582645+00	21
295	listings/21/bef150aa-f9de-4f0c-8f6c-3103c274aabc.jpeg	2025-10-19 19:33:57.583354+00	21
171	listings/4/65bd7f5b-0d93-4b06-a473-955b6f2a4dfd.jpg	2025-10-19 19:08:59.56954+00	4
172	listings/4/ee29a617-1b92-44b2-9e8a-76c5a6f4f67f.jpg	2025-10-19 19:08:59.571186+00	4
173	listings/4/906d7a13-d241-4c24-aad3-16d79b010bdb.jpg	2025-10-19 19:08:59.571948+00	4
174	listings/4/c38daaed-d3eb-4bb9-90fa-b75586427d81.jpg	2025-10-19 19:08:59.572701+00	4
175	listings/4/2e6a24c6-0c87-4628-a8b4-fe92779c0c4e.jpg	2025-10-19 19:08:59.573476+00	4
176	listings/4/c7799287-36d3-4c98-9bf7-dabe4294a8d3.jpg	2025-10-19 19:08:59.574255+00	4
177	listings/4/caac1a6b-e743-4bcf-9fcc-1d153470d96c.png	2025-10-19 19:08:59.575964+00	4
178	listings/4/b9fa2776-f1ee-4c84-9978-dfe79f41af2e.png	2025-10-19 19:08:59.577639+00	4
179	listings/4/86a39e71-fd84-45ae-a354-a9e2538fec81.jpg	2025-10-19 19:08:59.578405+00	4
180	listings/4/d8321e28-6f77-4661-86fe-755ce2423af8.jpg	2025-10-19 19:08:59.579115+00	4
181	listings/9/026b8a9c-20f6-463e-86f3-153dcae43fad.png	2025-10-19 19:11:11.524501+00	9
182	listings/9/0ea9f458-43e8-4c00-8879-bbecf4ec5f8d.png	2025-10-19 19:11:11.526638+00	9
183	listings/9/5acf1e7b-9c19-43c2-87f7-8ee48a24a2e4.jpeg	2025-10-19 19:11:11.527441+00	9
184	listings/9/68f434f1-5997-4d2e-9ee0-976e16f597aa.jpeg	2025-10-19 19:11:11.528133+00	9
185	listings/9/3b21a55b-6738-4864-ad48-c0a4dc1297d9.png	2025-10-19 19:11:11.529937+00	9
186	listings/9/58abb602-7802-4200-a16a-39b089194d1d.jpeg	2025-10-19 19:11:11.530581+00	9
187	listings/9/d5d25387-058f-4653-9c3f-c731c9c7f80a.jpeg	2025-10-19 19:11:11.531217+00	9
188	listings/9/a2e4d7ec-1b90-4733-9351-866148d11c7b.jpeg	2025-10-19 19:11:11.531929+00	9
189	listings/9/0085af08-1e5f-47b5-92a5-0d4ecbed4a41.jpeg	2025-10-19 19:11:11.532625+00	9
190	listings/9/aba0ef85-7fee-4621-a337-4c2cd05e9683.jpeg	2025-10-19 19:11:11.533317+00	9
191	listings/8/a9b35dd3-fd39-4db1-96c6-2e5ab1424c5f.jpg	2025-10-19 19:24:22.471648+00	8
192	listings/8/fb0d258c-b8ba-4eb0-b106-3f9517c9867a.jpg	2025-10-19 19:24:22.472781+00	8
193	listings/8/1b181b29-3e6e-4c2f-9740-c405cb7ec68e.jpg	2025-10-19 19:24:22.4735+00	8
194	listings/8/d0f37f4a-ade3-40e8-9fc6-5b2bd71d140c.jpg	2025-10-19 19:24:22.474198+00	8
195	listings/8/fde23e01-ed0b-4429-ba05-9e0433819933.jpg	2025-10-19 19:24:22.475142+00	8
196	listings/8/3d63c3ad-b0d3-48cd-b3ab-7e18823fcf3a.png	2025-10-19 19:24:22.476853+00	8
197	listings/8/e06f35ad-445c-44ca-9dc9-e0fcbe8f1c87.png	2025-10-19 19:24:22.478851+00	8
198	listings/8/3b622ba7-eaf1-4b4d-bba9-c8873a3bdeba.jpg	2025-10-19 19:24:22.479683+00	8
199	listings/8/01c89d9f-8bf9-4f0a-ad46-6a0a6656b2f0.jpg	2025-10-19 19:24:22.480556+00	8
200	listings/8/3149be4c-a760-49e0-9d50-a0d5c0fef4e5.jpg	2025-10-19 19:24:22.481343+00	8
201	listings/22/692053fb-7cfb-43e4-8578-25d626f10cb8.jpg	2025-10-19 19:25:29.796469+00	22
202	listings/22/c60162ef-f568-456e-8df5-293ca1c11321.jpg	2025-10-19 19:25:29.797476+00	22
203	listings/22/461d0272-558b-4e32-b15a-7f41b05de4fe.jpg	2025-10-19 19:25:29.798288+00	22
204	listings/22/e0cb0fc4-4879-4a51-9791-7c730d3f985f.jpg	2025-10-19 19:25:29.799123+00	22
205	listings/22/1827da70-4bb5-46ba-b7a1-4b6cc071a03e.jpg	2025-10-19 19:25:29.799919+00	22
206	listings/22/c050637b-7b50-4507-88fb-c348e8e33878.jpg	2025-10-19 19:25:29.80075+00	22
207	listings/22/36760777-c758-4dff-a6ad-a90b8a3be699.png	2025-10-19 19:25:29.802731+00	22
208	listings/22/8ce525d5-00ff-4aca-b0ed-1a520652de40.png	2025-10-19 19:25:29.804938+00	22
209	listings/22/5eafdd94-78d9-48ef-b1a9-decd5e82fd99.jpg	2025-10-19 19:25:29.805795+00	22
210	listings/22/e51280c6-f9b6-46b2-8bf5-1789a4801573.jpg	2025-10-19 19:25:29.80667+00	22
211	listings/3/9d60fd81-2978-4984-829b-efe70d6df63f.jpg	2025-10-19 19:26:29.959317+00	3
212	listings/3/62f3c429-4d07-4f9a-ae1b-277cd64f239a.jpg	2025-10-19 19:26:29.960217+00	3
213	listings/3/5142d69e-e5e4-4699-b1b6-95c1b8d5211b.jpg	2025-10-19 19:26:29.961016+00	3
214	listings/3/69bf461a-a63a-4882-8c2a-6e98aa181917.jpg	2025-10-19 19:26:29.961793+00	3
215	listings/3/326c6869-4ab5-48d8-98eb-cec084c1df69.jpg	2025-10-19 19:26:29.962498+00	3
216	listings/3/53d10642-0920-4900-82aa-2e6e5a767262.jpg	2025-10-19 19:26:29.963206+00	3
217	listings/3/548c0026-26f3-4bd7-bfdd-a55546c1f495.png	2025-10-19 19:26:29.964945+00	3
218	listings/3/1cfac439-d9b2-44d8-81d5-fefb39e4d85e.jpg	2025-10-19 19:26:29.965616+00	3
219	listings/3/40c26b6e-b736-47ff-a560-639299155786.png	2025-10-19 19:26:29.967203+00	3
220	listings/3/96fbd6c4-8028-4655-bb07-65b832b0d6f7.jpg	2025-10-19 19:26:29.967979+00	3
221	listings/5/6de7b4e7-eab6-4986-bcf9-fbd1979927dc.png	2025-10-19 19:27:26.087687+00	5
222	listings/5/cbaea6de-c03a-4b56-a1be-3ffae11277e2.png	2025-10-19 19:27:26.090098+00	5
223	listings/5/d81bcb69-8876-4542-adeb-7f2df5c2d277.jpeg	2025-10-19 19:27:26.09113+00	5
224	listings/5/f64d4e0d-8636-4397-bff1-0f8103677769.jpeg	2025-10-19 19:27:26.092247+00	5
225	listings/5/a4e177c9-9981-4af5-98cc-f1ff15f35c01.jpeg	2025-10-19 19:27:26.09312+00	5
226	listings/5/07670acc-4af4-42d9-8e45-ed9ad618031f.jpeg	2025-10-19 19:27:26.093951+00	5
227	listings/5/0d0f88c9-5a57-454e-a73b-63186230f4de.jpeg	2025-10-19 19:27:26.094769+00	5
228	listings/5/57f59b50-ebba-4c6d-a1e6-c4213f87b96f.png	2025-10-19 19:27:26.09702+00	5
229	listings/5/0f7619b3-568c-4779-9cb9-7223d13fff6a.jpeg	2025-10-19 19:27:26.097885+00	5
230	listings/5/52e6ab0d-2a04-4e58-98ff-bc22d8a1b5f0.jpeg	2025-10-19 19:27:26.099835+00	5
261	listings/6/14767fc2-a389-4191-8a42-e48b5b2945a9.png	2025-10-19 19:31:09.885118+00	6
262	listings/6/f276fe3a-16a7-4248-b95f-1bc00a4260f7.png	2025-10-19 19:31:09.887147+00	6
263	listings/6/2974aabe-a828-4838-8113-f7968822649a.jpeg	2025-10-19 19:31:09.888023+00	6
264	listings/6/54b47d48-b611-469e-bcad-d24c7bc62b1b.jpeg	2025-10-19 19:31:09.888859+00	6
265	listings/6/f8793848-afaf-4340-95f6-2f7b9981426f.jpeg	2025-10-19 19:31:09.889698+00	6
266	listings/6/0ac7bed1-0937-4c9f-8286-7fb815b3c8a9.jpeg	2025-10-19 19:31:09.890494+00	6
267	listings/6/61a2f563-1987-4287-b20a-ce8ab8f3f1f1.jpeg	2025-10-19 19:31:09.891294+00	6
268	listings/6/7f44f963-5bc1-4509-aabb-bac60ce31899.jpeg	2025-10-19 19:31:09.892121+00	6
269	listings/6/af214ea5-8efd-400e-92d1-6ecffdbc6072.png	2025-10-19 19:31:09.893806+00	6
270	listings/6/47785435-28a6-4bee-9059-4b8f1779d744.jpeg	2025-10-19 19:31:09.894497+00	6
296	listings/21/120c04d9-d5bc-4b3b-8449-9ad244d4301b.jpeg	2025-10-19 19:33:57.584245+00	21
297	listings/21/84aee163-4874-4e14-bb2f-030df751de69.png	2025-10-19 19:33:57.586041+00	21
298	listings/21/00c2daf0-c470-42cc-9d4d-6e67ebcfc5ae.png	2025-10-19 19:33:57.587866+00	21
299	listings/21/d9032bb7-4ced-4d51-a776-3b9fab4a50ca.jpeg	2025-10-19 19:33:57.588582+00	21
300	listings/21/93f21108-d59f-453c-8f78-c36f1839dfaa.jpeg	2025-10-19 19:33:57.589321+00	21
321	listings/18/45116be5-bf64-499d-8203-e33ef2fa37b4.jpg	2025-10-19 19:36:18.520141+00	18
322	listings/18/d2117fa0-e269-46ed-9f5f-369657ab6efc.jpg	2025-10-19 19:36:18.522064+00	18
323	listings/18/7b02fdb8-3f76-4966-aa92-1b6887338bbb.jpg	2025-10-19 19:36:18.523276+00	18
324	listings/18/c8ce395b-a2be-4f99-8406-f4687c716e57.jpg	2025-10-19 19:36:18.524929+00	18
325	listings/18/18c913a2-7d48-4626-8b2d-9ae0630a5109.jpg	2025-10-19 19:36:18.525974+00	18
326	listings/18/2c380ea0-26fc-4df9-bbd7-b9b5a2f51e00.jpg	2025-10-19 19:36:18.52732+00	18
327	listings/18/9e8f8a59-77de-4ee4-a35b-194e2879e13b.jpg	2025-10-19 19:36:18.528653+00	18
328	listings/18/bd780eca-809c-4142-880c-b31403183a01.png	2025-10-19 19:36:18.531465+00	18
329	listings/18/2964e376-f8fb-495b-8f6c-aba4449c6d68.png	2025-10-19 19:36:18.534217+00	18
330	listings/18/79a2199c-c247-435b-86bd-faa7d706d8d3.jpg	2025-10-19 19:36:18.535108+00	18
348	listings/12/47e2226b-3869-493d-89c6-fb6f712986e5.png	2025-10-19 19:38:30.971386+00	12
349	listings/12/36019442-c6d7-4599-babc-c78044c97e31.png	2025-10-19 19:38:30.973196+00	12
350	listings/12/56b7d28f-7bd1-4dcb-b881-e451404bfbd0.jpg	2025-10-19 19:38:30.973928+00	12
\.


--
-- Data for Name: api_make; Type: TABLE DATA; Schema: public; Owner: myuser
--

COPY public.api_make (id, name) FROM stdin;
1	Ford
2	Jaguar
3	Chevrolet
4	GMC
5	Mercedes
6	Dodge
7	Porsche
\.


--
-- Data for Name: api_modelname; Type: TABLE DATA; Schema: public; Owner: myuser
--

COPY public.api_modelname (id, name, make_id) FROM stdin;
1	F-100	1
2	XK120	2
3	Chevelle Malibu	3
4	C10	3
5	Corvette	3
6	C1500	4
7	Bel Air	3
8	Chevy II Nova	3
9	280SE	5
10	Mustang Shelby GT500KR	1
11	Shelby Mustang GT350	1
12	Bel Air Nomad	3
13	Challenger	6
14	Shelby Cobra Mustang GT500	1
15	Charger	6
16	911 Turbo M505	7
17	Mustang	1
\.


--
-- Data for Name: api_safetyfeature; Type: TABLE DATA; Schema: public; Owner: myuser
--

COPY public.api_safetyfeature (id, name) FROM stdin;
\.


--
-- Data for Name: api_status; Type: TABLE DATA; Schema: public; Owner: myuser
--

COPY public.api_status (id, name) FROM stdin;
1	New
2	In progress
3	Sold
4	No answer
5	Comes to our place
6	Repeated
\.


--
-- Data for Name: api_transmission; Type: TABLE DATA; Schema: public; Owner: myuser
--

COPY public.api_transmission (id, type) FROM stdin;
1	Automatic
2	Manual
\.


--
-- Data for Name: auth_group; Type: TABLE DATA; Schema: public; Owner: myuser
--

COPY public.auth_group (id, name) FROM stdin;
1	Administrator
\.


--
-- Data for Name: auth_group_permissions; Type: TABLE DATA; Schema: public; Owner: myuser
--

COPY public.auth_group_permissions (id, group_id, permission_id) FROM stdin;
1	1	64
2	1	56
3	1	52
4	1	62
5	1	89
6	1	90
7	1	92
\.


--
-- Data for Name: auth_permission; Type: TABLE DATA; Schema: public; Owner: myuser
--

COPY public.auth_permission (id, name, content_type_id, codename) FROM stdin;
1	Can add log entry	1	add_logentry
2	Can change log entry	1	change_logentry
3	Can delete log entry	1	delete_logentry
4	Can view log entry	1	view_logentry
5	Can add permission	2	add_permission
6	Can change permission	2	change_permission
7	Can delete permission	2	delete_permission
8	Can view permission	2	view_permission
9	Can add group	3	add_group
10	Can change group	3	change_group
11	Can delete group	3	delete_group
12	Can view group	3	view_group
13	Can add user	4	add_user
14	Can change user	4	change_user
15	Can delete user	4	delete_user
16	Can view user	4	view_user
17	Can add content type	5	add_contenttype
18	Can change content type	5	change_contenttype
19	Can delete content type	5	delete_contenttype
20	Can view content type	5	view_contenttype
21	Can add session	6	add_session
22	Can change session	6	change_session
23	Can delete session	6	delete_session
24	Can view session	6	view_session
25	Can add color	7	add_color
26	Can change color	7	change_color
27	Can delete color	7	delete_color
28	Can view color	7	view_color
29	Can add condition	8	add_condition
30	Can change condition	8	change_condition
31	Can delete condition	8	delete_condition
32	Can view condition	8	view_condition
33	Can add fuel type	9	add_fueltype
34	Can change fuel type	9	change_fueltype
35	Can delete fuel type	9	delete_fueltype
36	Can view fuel type	9	view_fueltype
37	Can add make	10	add_make
38	Can change make	10	change_make
39	Can delete make	10	delete_make
40	Can view make	10	view_make
41	Can add Status	11	add_status
42	Can change Status	11	change_status
43	Can delete Status	11	delete_status
44	Can view Status	11	view_status
45	Can add transmission	12	add_transmission
46	Can change transmission	12	change_transmission
47	Can delete transmission	12	delete_transmission
48	Can view transmission	12	view_transmission
49	Can add Car Listing	13	add_carslisting
50	Can change Car Listing	13	change_carslisting
51	Can delete Car Listing	13	delete_carslisting
52	Can view Car Listing	13	view_carslisting
53	Can add Listing Image	14	add_listingimage
54	Can change Listing Image	14	change_listingimage
55	Can delete Listing Image	14	delete_listingimage
56	Can view Listing Image	14	view_listingimage
57	Can add Model	15	add_modelname
58	Can change Model	15	change_modelname
59	Can delete Model	15	delete_modelname
60	Can view Model	15	view_modelname
61	Can add Inquiry	16	add_inquiry
62	Can change Inquiry	16	change_inquiry
63	Can delete Inquiry	16	delete_inquiry
64	Can view Inquiry	16	view_inquiry
65	Can add car type	17	add_cartype
66	Can change car type	17	change_cartype
67	Can delete car type	17	delete_cartype
68	Can view car type	17	view_cartype
69	Can add drive type	18	add_drivetype
70	Can change drive type	18	change_drivetype
71	Can delete drive type	18	delete_drivetype
72	Can view drive type	18	view_drivetype
73	Can add feature	19	add_feature
74	Can change feature	19	change_feature
75	Can delete feature	19	delete_feature
76	Can view feature	19	view_feature
77	Can add safety feature	20	add_safetyfeature
78	Can change safety feature	20	change_safetyfeature
79	Can delete safety feature	20	delete_safetyfeature
80	Can view safety feature	20	view_safetyfeature
81	Can add Token	21	add_token
82	Can change Token	21	change_token
83	Can delete Token	21	delete_token
84	Can view Token	21	view_token
85	Can add Token	22	add_tokenproxy
86	Can change Token	22	change_tokenproxy
87	Can delete Token	22	delete_tokenproxy
88	Can view Token	22	view_tokenproxy
89	Can add Comment	23	add_inquirycomments
90	Can change Comment	23	change_inquirycomments
91	Can delete Comment	23	delete_inquirycomments
92	Can view Comment	23	view_inquirycomments
\.


--
-- Data for Name: auth_user; Type: TABLE DATA; Schema: public; Owner: myuser
--

COPY public.auth_user (id, password, last_login, is_superuser, username, first_name, last_name, email, is_staff, is_active, date_joined) FROM stdin;
1	pbkdf2_sha256$1000000$SNDn9X4J0HCwIGEq4Fd99G$W+lqaOCfMUCIlVkcbPVvlplDTBPioat3wB6WZsSX/kU=	2025-10-23 16:22:27.094221+00	t	admin				t	t	2025-10-13 12:15:43.567607+00
2	pbkdf2_sha256$1000000$wh9Om1mWv8lCHZokmVfNYl$PiVWzmpCn+jRUvgbya1B2BnOIJ6xEGLz42vXIVI1GTE=	2025-10-25 00:36:41.692325+00	f	user				t	t	2025-10-13 14:10:33+00
\.


--
-- Data for Name: auth_user_groups; Type: TABLE DATA; Schema: public; Owner: myuser
--

COPY public.auth_user_groups (id, user_id, group_id) FROM stdin;
1	2	1
\.


--
-- Data for Name: auth_user_user_permissions; Type: TABLE DATA; Schema: public; Owner: myuser
--

COPY public.auth_user_user_permissions (id, user_id, permission_id) FROM stdin;
\.


--
-- Data for Name: authtoken_token; Type: TABLE DATA; Schema: public; Owner: myuser
--

COPY public.authtoken_token (key, created, user_id) FROM stdin;
\.


--
-- Data for Name: django_admin_log; Type: TABLE DATA; Schema: public; Owner: myuser
--

COPY public.django_admin_log (id, action_time, object_id, object_repr, action_flag, change_message, content_type_id, user_id) FROM stdin;
1	2025-10-13 14:02:29.449172+00	1	Ford	1	[{"added": {}}]	10	1
2	2025-10-13 14:02:36.063006+00	1	F-100 (Ford)	1	[{"added": {}}]	15	1
3	2025-10-13 14:02:42.069587+00	1	Metallic Gray	1	[{"added": {}}]	7	1
4	2025-10-13 14:02:47.010636+00	1	Automatic	1	[{"added": {}}]	12	1
5	2025-10-13 14:02:54.011543+00	1	Used	1	[{"added": {}}]	8	1
6	2025-10-13 14:03:02.626143+00	1	Petrol	1	[{"added": {}}]	9	1
7	2025-10-13 14:03:06.851404+00	1	RWD	1	[{"added": {}}]	18	1
8	2025-10-13 14:03:12.040471+00	1	Pickup	1	[{"added": {}}]	17	1
9	2025-10-13 14:03:56.706553+00	1	Ford Performance Control Pack	1	[{"added": {}}]	19	1
10	2025-10-13 14:04:04.048774+00	2	Front & Rear Spoilers	1	[{"added": {}}]	19	1
11	2025-10-13 14:04:16.083935+00	3	Touchscreen Head Unit	1	[{"added": {}}]	19	1
12	2025-10-13 14:04:53.650906+00	1	Supercharged 1969 Ford F-100 Pickup (Ford F-100 (Ford), 1969)	1	[{"added": {}}, {"added": {"name": "Listing Image", "object": "Image #1 for Supercharged 1969 Ford F-100 Pickup (Ford F-100 (Ford), 1969)"}}, {"added": {"name": "Listing Image", "object": "Image #2 for Supercharged 1969 Ford F-100 Pickup (Ford F-100 (Ford), 1969)"}}, {"added": {"name": "Listing Image", "object": "Image #3 for Supercharged 1969 Ford F-100 Pickup (Ford F-100 (Ford), 1969)"}}, {"added": {"name": "Listing Image", "object": "Image #4 for Supercharged 1969 Ford F-100 Pickup (Ford F-100 (Ford), 1969)"}}, {"added": {"name": "Listing Image", "object": "Image #5 for Supercharged 1969 Ford F-100 Pickup (Ford F-100 (Ford), 1969)"}}, {"added": {"name": "Listing Image", "object": "Image #6 for Supercharged 1969 Ford F-100 Pickup (Ford F-100 (Ford), 1969)"}}, {"added": {"name": "Listing Image", "object": "Image #7 for Supercharged 1969 Ford F-100 Pickup (Ford F-100 (Ford), 1969)"}}]	13	1
13	2025-10-13 14:06:00.789948+00	2	New	1	[{"added": {}}]	8	1
14	2025-10-13 14:07:06.284554+00	1	New	1	[{"added": {}}]	11	1
15	2025-10-13 14:07:15.024639+00	2	In progress	1	[{"added": {}}]	11	1
16	2025-10-13 14:07:22.932618+00	3	Sold	1	[{"added": {}}]	11	1
17	2025-10-13 14:07:30.371725+00	4	Cancelled	1	[{"added": {}}]	11	1
18	2025-10-13 14:07:33.279308+00	5	Lost	1	[{"added": {}}]	11	1
19	2025-10-13 14:08:00.764964+00	1	Inquiry by test	2	[{"changed": {"fields": ["Status"]}}]	16	1
20	2025-10-13 14:08:04.889349+00	1	Inquiry by test	2	[{"changed": {"fields": ["Status"]}}]	16	1
21	2025-10-13 14:08:09.563587+00	1	Inquiry by test	2	[{"changed": {"fields": ["Status"]}}]	16	1
22	2025-10-13 14:08:12.906453+00	1	Inquiry by test	2	[{"changed": {"fields": ["Status"]}}]	16	1
23	2025-10-13 14:08:16.850992+00	1	Inquiry by test	2	[{"changed": {"fields": ["Status"]}}]	16	1
24	2025-10-13 14:08:20.53164+00	1	Inquiry by test	3		16	1
25	2025-10-13 14:08:45.964747+00	2	Inquiry by test for Supercharged 1969 Ford F-100 Pickup (Ford F-100 (Ford), 1969)	3		16	1
26	2025-10-13 14:10:02.317544+00	1	Administrator	1	[{"added": {}}]	3	1
27	2025-10-13 14:10:33.480233+00	2	user	1	[{"added": {}}]	4	1
28	2025-10-13 14:10:42.236834+00	2	user	2	[{"changed": {"fields": ["Groups"]}}]	4	1
29	2025-10-13 14:11:28.17902+00	2	user	2	[{"changed": {"fields": ["password"]}}]	4	1
30	2025-10-13 14:15:55.022474+00	2	user	2	[{"changed": {"fields": ["password"]}}]	4	1
31	2025-10-13 14:15:59.381504+00	2	user	2	[]	4	1
32	2025-10-13 14:16:08.55721+00	2	user	2	[{"changed": {"fields": ["Staff status"]}}]	4	1
33	2025-10-14 22:52:44.346401+00	2	Jaguar	1	[{"added": {}}]	10	1
34	2025-10-14 22:52:51.505715+00	2	XK120 (Jaguar)	1	[{"added": {}}]	15	1
35	2025-10-14 22:52:57.02269+00	2	British Racing Green	1	[{"added": {}}]	7	1
36	2025-10-14 22:53:02.18612+00	2	Manual	1	[{"added": {}}]	12	1
37	2025-10-14 22:53:18.539588+00	2	Roadster	1	[{"added": {}}]	17	1
38	2025-10-14 22:54:10.064314+00	4	AM/FM Radio	1	[{"added": {}}]	19	1
39	2025-10-14 22:54:24.229943+00	5	Aftermarket Speakers	1	[{"added": {}}]	19	1
40	2025-10-14 22:54:36.51448+00	6	Tan Soft Top & Side Curtains	1	[{"added": {}}]	19	1
41	2025-10-14 22:54:41.814403+00	7	Tan Leather Upholstery	1	[{"added": {}}]	19	1
42	2025-10-14 22:55:40.921113+00	2	Classic 1952 Jaguar XK120 Roadster (Jaguar XK120 (Jaguar), 1952)	1	[{"added": {}}, {"added": {"name": "Listing Image", "object": "Image #8 for Classic 1952 Jaguar XK120 Roadster (Jaguar XK120 (Jaguar), 1952)"}}, {"added": {"name": "Listing Image", "object": "Image #9 for Classic 1952 Jaguar XK120 Roadster (Jaguar XK120 (Jaguar), 1952)"}}, {"added": {"name": "Listing Image", "object": "Image #10 for Classic 1952 Jaguar XK120 Roadster (Jaguar XK120 (Jaguar), 1952)"}}, {"added": {"name": "Listing Image", "object": "Image #11 for Classic 1952 Jaguar XK120 Roadster (Jaguar XK120 (Jaguar), 1952)"}}, {"added": {"name": "Listing Image", "object": "Image #12 for Classic 1952 Jaguar XK120 Roadster (Jaguar XK120 (Jaguar), 1952)"}}, {"added": {"name": "Listing Image", "object": "Image #13 for Classic 1952 Jaguar XK120 Roadster (Jaguar XK120 (Jaguar), 1952)"}}, {"added": {"name": "Listing Image", "object": "Image #14 for Classic 1952 Jaguar XK120 Roadster (Jaguar XK120 (Jaguar), 1952)"}}]	13	1
43	2025-10-14 22:59:19.85372+00	3	Chevrolet	1	[{"added": {}}]	10	1
44	2025-10-14 22:59:27.915984+00	3	Chevelle Malibu (Chevrolet)	1	[{"added": {}}]	15	1
45	2025-10-14 22:59:33.157001+00	3	Black	1	[{"added": {}}]	7	1
46	2025-10-14 22:59:50.697161+00	3	Convertible	1	[{"added": {}}]	17	1
47	2025-10-14 23:00:52.79303+00	8	Air Climate Control	1	[{"added": {}}]	19	1
48	2025-10-14 23:01:04.81348+00	9	Dakota Digital Gauges	1	[{"added": {}}]	19	1
49	2025-10-14 23:02:05.308895+00	3	1966 Chevrolet Chevelle Malibu Convertible (Chevrolet Chevelle Malibu (Chevrolet), 1966)	1	[{"added": {}}, {"added": {"name": "Listing Image", "object": "Image #15 for 1966 Chevrolet Chevelle Malibu Convertible (Chevrolet Chevelle Malibu (Chevrolet), 1966)"}}, {"added": {"name": "Listing Image", "object": "Image #16 for 1966 Chevrolet Chevelle Malibu Convertible (Chevrolet Chevelle Malibu (Chevrolet), 1966)"}}, {"added": {"name": "Listing Image", "object": "Image #17 for 1966 Chevrolet Chevelle Malibu Convertible (Chevrolet Chevelle Malibu (Chevrolet), 1966)"}}, {"added": {"name": "Listing Image", "object": "Image #18 for 1966 Chevrolet Chevelle Malibu Convertible (Chevrolet Chevelle Malibu (Chevrolet), 1966)"}}, {"added": {"name": "Listing Image", "object": "Image #19 for 1966 Chevrolet Chevelle Malibu Convertible (Chevrolet Chevelle Malibu (Chevrolet), 1966)"}}, {"added": {"name": "Listing Image", "object": "Image #20 for 1966 Chevrolet Chevelle Malibu Convertible (Chevrolet Chevelle Malibu (Chevrolet), 1966)"}}, {"added": {"name": "Listing Image", "object": "Image #21 for 1966 Chevrolet Chevelle Malibu Convertible (Chevrolet Chevelle Malibu (Chevrolet), 1966)"}}]	13	1
50	2025-10-14 23:05:43.699569+00	4	C10 (Chevrolet)	1	[{"added": {}}]	15	1
51	2025-10-14 23:06:01.825772+00	4	Matte Black & White	1	[{"added": {}}]	7	1
126	2025-10-17 15:04:05.956739+00	13	1969 Shelby Mustang GT350 Fastback (Ford Shelby Mustang GT350 (Ford), 1969)	2	[{"changed": {"name": "Listing Image", "object": "Image #90 for 1969 Shelby Mustang GT350 Fastback (Ford Shelby Mustang GT350 (Ford), 1969)", "fields": ["Path"]}}]	13	1
52	2025-10-14 23:11:27.533487+00	4	1969 Chevrolet C10 Pickup (Chevrolet C10 (Chevrolet), 1969)	1	[{"added": {}}, {"added": {"name": "Listing Image", "object": "Image #22 for 1969 Chevrolet C10 Pickup (Chevrolet C10 (Chevrolet), 1969)"}}, {"added": {"name": "Listing Image", "object": "Image #23 for 1969 Chevrolet C10 Pickup (Chevrolet C10 (Chevrolet), 1969)"}}, {"added": {"name": "Listing Image", "object": "Image #24 for 1969 Chevrolet C10 Pickup (Chevrolet C10 (Chevrolet), 1969)"}}, {"added": {"name": "Listing Image", "object": "Image #25 for 1969 Chevrolet C10 Pickup (Chevrolet C10 (Chevrolet), 1969)"}}, {"added": {"name": "Listing Image", "object": "Image #26 for 1969 Chevrolet C10 Pickup (Chevrolet C10 (Chevrolet), 1969)"}}, {"added": {"name": "Listing Image", "object": "Image #27 for 1969 Chevrolet C10 Pickup (Chevrolet C10 (Chevrolet), 1969)"}}, {"added": {"name": "Listing Image", "object": "Image #28 for 1969 Chevrolet C10 Pickup (Chevrolet C10 (Chevrolet), 1969)"}}]	13	1
53	2025-10-14 23:14:02.408706+00	5	DuPont Concord Blue	1	[{"added": {}}]	7	1
54	2025-10-14 23:15:52.013372+00	10	Power Steering	1	[{"added": {}}]	19	1
55	2025-10-14 23:16:09.08753+00	11	Stewart-Warner Gauges	1	[{"added": {}}]	19	1
56	2025-10-14 23:16:41.567756+00	5	1954 Ford F-100 Pickup (Ford F-100 (Ford), 1954)	1	[{"added": {}}, {"added": {"name": "Listing Image", "object": "Image #29 for 1954 Ford F-100 Pickup (Ford F-100 (Ford), 1954)"}}, {"added": {"name": "Listing Image", "object": "Image #30 for 1954 Ford F-100 Pickup (Ford F-100 (Ford), 1954)"}}, {"added": {"name": "Listing Image", "object": "Image #31 for 1954 Ford F-100 Pickup (Ford F-100 (Ford), 1954)"}}, {"added": {"name": "Listing Image", "object": "Image #32 for 1954 Ford F-100 Pickup (Ford F-100 (Ford), 1954)"}}, {"added": {"name": "Listing Image", "object": "Image #33 for 1954 Ford F-100 Pickup (Ford F-100 (Ford), 1954)"}}, {"added": {"name": "Listing Image", "object": "Image #34 for 1954 Ford F-100 Pickup (Ford F-100 (Ford), 1954)"}}, {"added": {"name": "Listing Image", "object": "Image #35 for 1954 Ford F-100 Pickup (Ford F-100 (Ford), 1954)"}}]	13	1
57	2025-10-14 23:19:28.410952+00	5	Corvette (Chevrolet)	1	[{"added": {}}]	15	1
58	2025-10-14 23:19:35.217682+00	6	Silver Blue	1	[{"added": {}}]	7	1
59	2025-10-14 23:19:49.751291+00	4	Coupe	1	[{"added": {}}]	17	1
60	2025-10-14 23:20:48.690931+00	12	NCRS Top Flight Award	1	[{"added": {}}]	19	1
61	2025-10-14 23:21:34.908975+00	6	1963 Chevrolet Corvette Split-Window Coupe (Chevrolet Corvette (Chevrolet), 1963)	1	[{"added": {}}, {"added": {"name": "Listing Image", "object": "Image #36 for 1963 Chevrolet Corvette Split-Window Coupe (Chevrolet Corvette (Chevrolet), 1963)"}}, {"added": {"name": "Listing Image", "object": "Image #37 for 1963 Chevrolet Corvette Split-Window Coupe (Chevrolet Corvette (Chevrolet), 1963)"}}, {"added": {"name": "Listing Image", "object": "Image #38 for 1963 Chevrolet Corvette Split-Window Coupe (Chevrolet Corvette (Chevrolet), 1963)"}}, {"added": {"name": "Listing Image", "object": "Image #39 for 1963 Chevrolet Corvette Split-Window Coupe (Chevrolet Corvette (Chevrolet), 1963)"}}, {"added": {"name": "Listing Image", "object": "Image #40 for 1963 Chevrolet Corvette Split-Window Coupe (Chevrolet Corvette (Chevrolet), 1963)"}}, {"added": {"name": "Listing Image", "object": "Image #41 for 1963 Chevrolet Corvette Split-Window Coupe (Chevrolet Corvette (Chevrolet), 1963)"}}, {"added": {"name": "Listing Image", "object": "Image #42 for 1963 Chevrolet Corvette Split-Window Coupe (Chevrolet Corvette (Chevrolet), 1963)"}}]	13	1
62	2025-10-14 23:23:41.250527+00	4	GMC	1	[{"added": {}}]	10	1
63	2025-10-14 23:23:46.90036+00	6	C1500 (GMC)	1	[{"added": {}}]	15	1
64	2025-10-14 23:23:53.365369+00	7	Black & Silver	1	[{"added": {}}]	7	1
65	2025-10-14 23:25:24.680792+00	7	1969 GMC C1500 Pickup (GMC C1500 (GMC), 1969)	1	[{"added": {}}, {"added": {"name": "Listing Image", "object": "Image #43 for 1969 GMC C1500 Pickup (GMC C1500 (GMC), 1969)"}}, {"added": {"name": "Listing Image", "object": "Image #44 for 1969 GMC C1500 Pickup (GMC C1500 (GMC), 1969)"}}, {"added": {"name": "Listing Image", "object": "Image #45 for 1969 GMC C1500 Pickup (GMC C1500 (GMC), 1969)"}}, {"added": {"name": "Listing Image", "object": "Image #46 for 1969 GMC C1500 Pickup (GMC C1500 (GMC), 1969)"}}, {"added": {"name": "Listing Image", "object": "Image #47 for 1969 GMC C1500 Pickup (GMC C1500 (GMC), 1969)"}}, {"added": {"name": "Listing Image", "object": "Image #48 for 1969 GMC C1500 Pickup (GMC C1500 (GMC), 1969)"}}, {"added": {"name": "Listing Image", "object": "Image #49 for 1969 GMC C1500 Pickup (GMC C1500 (GMC), 1969)"}}]	13	1
66	2025-10-14 23:31:04.050793+00	7	Bel Air (Chevrolet)	1	[{"added": {}}]	15	1
67	2025-10-14 23:32:07.533245+00	13	Vintage Air HVAC System	1	[{"added": {}}]	19	1
68	2025-10-14 23:32:15.637565+00	8	1955 Chevrolet Bel Air Convertible (Chevrolet Bel Air (Chevrolet), 1955)	1	[{"added": {}}, {"added": {"name": "Listing Image", "object": "Image #50 for 1955 Chevrolet Bel Air Convertible (Chevrolet Bel Air (Chevrolet), 1955)"}}, {"added": {"name": "Listing Image", "object": "Image #51 for 1955 Chevrolet Bel Air Convertible (Chevrolet Bel Air (Chevrolet), 1955)"}}, {"added": {"name": "Listing Image", "object": "Image #52 for 1955 Chevrolet Bel Air Convertible (Chevrolet Bel Air (Chevrolet), 1955)"}}, {"added": {"name": "Listing Image", "object": "Image #53 for 1955 Chevrolet Bel Air Convertible (Chevrolet Bel Air (Chevrolet), 1955)"}}, {"added": {"name": "Listing Image", "object": "Image #54 for 1955 Chevrolet Bel Air Convertible (Chevrolet Bel Air (Chevrolet), 1955)"}}, {"added": {"name": "Listing Image", "object": "Image #55 for 1955 Chevrolet Bel Air Convertible (Chevrolet Bel Air (Chevrolet), 1955)"}}, {"added": {"name": "Listing Image", "object": "Image #56 for 1955 Chevrolet Bel Air Convertible (Chevrolet Bel Air (Chevrolet), 1955)"}}]	13	1
69	2025-10-14 23:35:54.059397+00	8	Chevy II Nova (Chevrolet)	1	[{"added": {}}]	15	1
70	2025-10-14 23:36:00.347984+00	8	Satin White	1	[{"added": {}}]	7	1
71	2025-10-14 23:36:11.483962+00	5	Sedan	1	[{"added": {}}]	17	1
72	2025-10-14 23:37:39.742+00	14	Custom Leather Upholstery	1	[{"added": {}}]	19	1
73	2025-10-14 23:37:44.380178+00	9	1966 Chevrolet Chevy II Nova (Chevrolet Chevy II Nova (Chevrolet), 1966)	1	[{"added": {}}, {"added": {"name": "Listing Image", "object": "Image #57 for 1966 Chevrolet Chevy II Nova (Chevrolet Chevy II Nova (Chevrolet), 1966)"}}, {"added": {"name": "Listing Image", "object": "Image #58 for 1966 Chevrolet Chevy II Nova (Chevrolet Chevy II Nova (Chevrolet), 1966)"}}, {"added": {"name": "Listing Image", "object": "Image #59 for 1966 Chevrolet Chevy II Nova (Chevrolet Chevy II Nova (Chevrolet), 1966)"}}, {"added": {"name": "Listing Image", "object": "Image #60 for 1966 Chevrolet Chevy II Nova (Chevrolet Chevy II Nova (Chevrolet), 1966)"}}, {"added": {"name": "Listing Image", "object": "Image #61 for 1966 Chevrolet Chevy II Nova (Chevrolet Chevy II Nova (Chevrolet), 1966)"}}, {"added": {"name": "Listing Image", "object": "Image #62 for 1966 Chevrolet Chevy II Nova (Chevrolet Chevy II Nova (Chevrolet), 1966)"}}, {"added": {"name": "Listing Image", "object": "Image #63 for 1966 Chevrolet Chevy II Nova (Chevrolet Chevy II Nova (Chevrolet), 1966)"}}]	13	1
74	2025-10-14 23:43:05.501658+00	5	Mercedes	1	[{"added": {}}]	10	1
75	2025-10-14 23:43:13.578595+00	9	280SE (Mercedes)	1	[{"added": {}}]	15	1
76	2025-10-14 23:43:24.513504+00	9	Moss Green Metallic	1	[{"added": {}}]	7	1
77	2025-10-14 23:43:40.697241+00	6	Cabriolet	1	[{"added": {}}]	17	1
78	2025-10-14 23:44:49.950994+00	10	1969 Mercedes-Benz 280SE Cabriolet (Mercedes 280SE (Mercedes), 1969)	1	[{"added": {}}, {"added": {"name": "Listing Image", "object": "Image #64 for 1969 Mercedes-Benz 280SE Cabriolet (Mercedes 280SE (Mercedes), 1969)"}}, {"added": {"name": "Listing Image", "object": "Image #65 for 1969 Mercedes-Benz 280SE Cabriolet (Mercedes 280SE (Mercedes), 1969)"}}, {"added": {"name": "Listing Image", "object": "Image #66 for 1969 Mercedes-Benz 280SE Cabriolet (Mercedes 280SE (Mercedes), 1969)"}}, {"added": {"name": "Listing Image", "object": "Image #67 for 1969 Mercedes-Benz 280SE Cabriolet (Mercedes 280SE (Mercedes), 1969)"}}, {"added": {"name": "Listing Image", "object": "Image #68 for 1969 Mercedes-Benz 280SE Cabriolet (Mercedes 280SE (Mercedes), 1969)"}}, {"added": {"name": "Listing Image", "object": "Image #69 for 1969 Mercedes-Benz 280SE Cabriolet (Mercedes 280SE (Mercedes), 1969)"}}, {"added": {"name": "Listing Image", "object": "Image #70 for 1969 Mercedes-Benz 280SE Cabriolet (Mercedes 280SE (Mercedes), 1969)"}}]	13	1
79	2025-10-14 23:46:45.124916+00	10	Mustang Shelby GT500KR (Ford)	1	[{"added": {}}]	15	1
80	2025-10-14 23:48:03.177465+00	11	1968 Shelby Mustang GT500KR Convertible (Ford Mustang Shelby GT500KR (Ford), 1968)	1	[{"added": {}}, {"added": {"name": "Listing Image", "object": "Image #71 for 1968 Shelby Mustang GT500KR Convertible (Ford Mustang Shelby GT500KR (Ford), 1968)"}}, {"added": {"name": "Listing Image", "object": "Image #72 for 1968 Shelby Mustang GT500KR Convertible (Ford Mustang Shelby GT500KR (Ford), 1968)"}}, {"added": {"name": "Listing Image", "object": "Image #73 for 1968 Shelby Mustang GT500KR Convertible (Ford Mustang Shelby GT500KR (Ford), 1968)"}}, {"added": {"name": "Listing Image", "object": "Image #74 for 1968 Shelby Mustang GT500KR Convertible (Ford Mustang Shelby GT500KR (Ford), 1968)"}}, {"added": {"name": "Listing Image", "object": "Image #75 for 1968 Shelby Mustang GT500KR Convertible (Ford Mustang Shelby GT500KR (Ford), 1968)"}}, {"added": {"name": "Listing Image", "object": "Image #76 for 1968 Shelby Mustang GT500KR Convertible (Ford Mustang Shelby GT500KR (Ford), 1968)"}}, {"added": {"name": "Listing Image", "object": "Image #77 for 1968 Shelby Mustang GT500KR Convertible (Ford Mustang Shelby GT500KR (Ford), 1968)"}}]	13	1
81	2025-10-14 23:50:15.808312+00	10	Ermine White	1	[{"added": {}}]	7	1
82	2025-10-14 23:51:21.260937+00	15	Air Conditioning	1	[{"added": {}}]	19	1
83	2025-10-14 23:52:30.884541+00	12	1967 Chevrolet Corvette C2 Coupe (Chevrolet Corvette (Chevrolet), 1967)	1	[{"added": {}}, {"added": {"name": "Listing Image", "object": "Image #78 for 1967 Chevrolet Corvette C2 Coupe (Chevrolet Corvette (Chevrolet), 1967)"}}, {"added": {"name": "Listing Image", "object": "Image #79 for 1967 Chevrolet Corvette C2 Coupe (Chevrolet Corvette (Chevrolet), 1967)"}}, {"added": {"name": "Listing Image", "object": "Image #80 for 1967 Chevrolet Corvette C2 Coupe (Chevrolet Corvette (Chevrolet), 1967)"}}, {"added": {"name": "Listing Image", "object": "Image #81 for 1967 Chevrolet Corvette C2 Coupe (Chevrolet Corvette (Chevrolet), 1967)"}}, {"added": {"name": "Listing Image", "object": "Image #82 for 1967 Chevrolet Corvette C2 Coupe (Chevrolet Corvette (Chevrolet), 1967)"}}, {"added": {"name": "Listing Image", "object": "Image #83 for 1967 Chevrolet Corvette C2 Coupe (Chevrolet Corvette (Chevrolet), 1967)"}}, {"added": {"name": "Listing Image", "object": "Image #84 for 1967 Chevrolet Corvette C2 Coupe (Chevrolet Corvette (Chevrolet), 1967)"}}]	13	1
84	2025-10-14 23:54:47.198931+00	11	Shelby Mustang GT350 (Ford)	1	[{"added": {}}]	15	1
85	2025-10-14 23:54:58.762137+00	11	Blue	1	[{"added": {}}]	7	1
86	2025-10-14 23:55:10.85726+00	7	Fastback	1	[{"added": {}}]	17	1
87	2025-10-14 23:56:27.186392+00	13	1969 Shelby Mustang GT350 Fastback (Ford Shelby Mustang GT350 (Ford), 1969)	1	[{"added": {}}, {"added": {"name": "Listing Image", "object": "Image #85 for 1969 Shelby Mustang GT350 Fastback (Ford Shelby Mustang GT350 (Ford), 1969)"}}, {"added": {"name": "Listing Image", "object": "Image #86 for 1969 Shelby Mustang GT350 Fastback (Ford Shelby Mustang GT350 (Ford), 1969)"}}, {"added": {"name": "Listing Image", "object": "Image #87 for 1969 Shelby Mustang GT350 Fastback (Ford Shelby Mustang GT350 (Ford), 1969)"}}, {"added": {"name": "Listing Image", "object": "Image #88 for 1969 Shelby Mustang GT350 Fastback (Ford Shelby Mustang GT350 (Ford), 1969)"}}, {"added": {"name": "Listing Image", "object": "Image #89 for 1969 Shelby Mustang GT350 Fastback (Ford Shelby Mustang GT350 (Ford), 1969)"}}, {"added": {"name": "Listing Image", "object": "Image #90 for 1969 Shelby Mustang GT350 Fastback (Ford Shelby Mustang GT350 (Ford), 1969)"}}, {"added": {"name": "Listing Image", "object": "Image #91 for 1969 Shelby Mustang GT350 Fastback (Ford Shelby Mustang GT350 (Ford), 1969)"}}]	13	1
88	2025-10-14 23:58:40.183555+00	12	Bel Air Nomad (Chevrolet)	1	[{"added": {}}]	15	1
89	2025-10-14 23:58:54.198117+00	12	Sinful Cinnamon & Diamond White	1	[{"added": {}}]	7	1
90	2025-10-14 23:59:03.079062+00	8	Wagon	1	[{"added": {}}]	17	1
91	2025-10-14 23:59:57.709428+00	16	Aftermarket Push-Button Radio	1	[{"added": {}}]	19	1
92	2025-10-15 00:00:06.944735+00	14	1956 Chevrolet Bel Air Nomad (Chevrolet Bel Air Nomad (Chevrolet), 1956)	1	[{"added": {}}, {"added": {"name": "Listing Image", "object": "Image #92 for 1956 Chevrolet Bel Air Nomad (Chevrolet Bel Air Nomad (Chevrolet), 1956)"}}, {"added": {"name": "Listing Image", "object": "Image #93 for 1956 Chevrolet Bel Air Nomad (Chevrolet Bel Air Nomad (Chevrolet), 1956)"}}, {"added": {"name": "Listing Image", "object": "Image #94 for 1956 Chevrolet Bel Air Nomad (Chevrolet Bel Air Nomad (Chevrolet), 1956)"}}, {"added": {"name": "Listing Image", "object": "Image #95 for 1956 Chevrolet Bel Air Nomad (Chevrolet Bel Air Nomad (Chevrolet), 1956)"}}, {"added": {"name": "Listing Image", "object": "Image #96 for 1956 Chevrolet Bel Air Nomad (Chevrolet Bel Air Nomad (Chevrolet), 1956)"}}, {"added": {"name": "Listing Image", "object": "Image #97 for 1956 Chevrolet Bel Air Nomad (Chevrolet Bel Air Nomad (Chevrolet), 1956)"}}, {"added": {"name": "Listing Image", "object": "Image #98 for 1956 Chevrolet Bel Air Nomad (Chevrolet Bel Air Nomad (Chevrolet), 1956)"}}]	13	1
93	2025-10-15 00:01:43.074495+00	13	Avalanche Grey	1	[{"added": {}}]	7	1
94	2025-10-15 00:02:35.90223+00	15	1967 Ford F-100 (Ford F-100 (Ford), 1967)	1	[{"added": {}}, {"added": {"name": "Listing Image", "object": "Image #99 for 1967 Ford F-100 (Ford F-100 (Ford), 1967)"}}, {"added": {"name": "Listing Image", "object": "Image #100 for 1967 Ford F-100 (Ford F-100 (Ford), 1967)"}}, {"added": {"name": "Listing Image", "object": "Image #101 for 1967 Ford F-100 (Ford F-100 (Ford), 1967)"}}, {"added": {"name": "Listing Image", "object": "Image #102 for 1967 Ford F-100 (Ford F-100 (Ford), 1967)"}}, {"added": {"name": "Listing Image", "object": "Image #103 for 1967 Ford F-100 (Ford F-100 (Ford), 1967)"}}, {"added": {"name": "Listing Image", "object": "Image #104 for 1967 Ford F-100 (Ford F-100 (Ford), 1967)"}}, {"added": {"name": "Listing Image", "object": "Image #105 for 1967 Ford F-100 (Ford F-100 (Ford), 1967)"}}]	13	1
127	2025-10-17 15:09:21.542194+00	13	1969 Shelby Mustang GT350 Fastback (Ford Shelby Mustang GT350 (Ford), 1969)	2	[{"changed": {"name": "Listing Image", "object": "Image #91 for 1969 Shelby Mustang GT350 Fastback (Ford Shelby Mustang GT350 (Ford), 1969)", "fields": ["Path"]}}]	13	1
161	2025-10-17 17:24:00.848722+00	18	1967 Shelby Cobra Mustang GT500 Fastback Tribute (Ford Shelby Cobra Mustang GT500 (Ford), 1967)	2	[{"changed": {"fields": ["Price"]}}]	13	1
95	2025-10-15 00:03:01.651315+00	15	1967 Ford F-100 (Ford F-100 (Ford), 1967)	2	[{"deleted": {"name": "Listing Image", "object": "Image #None for 1967 Ford F-100 (Ford F-100 (Ford), 1967)"}}, {"deleted": {"name": "Listing Image", "object": "Image #None for 1967 Ford F-100 (Ford F-100 (Ford), 1967)"}}, {"deleted": {"name": "Listing Image", "object": "Image #None for 1967 Ford F-100 (Ford F-100 (Ford), 1967)"}}, {"deleted": {"name": "Listing Image", "object": "Image #None for 1967 Ford F-100 (Ford F-100 (Ford), 1967)"}}, {"deleted": {"name": "Listing Image", "object": "Image #None for 1967 Ford F-100 (Ford F-100 (Ford), 1967)"}}, {"deleted": {"name": "Listing Image", "object": "Image #None for 1967 Ford F-100 (Ford F-100 (Ford), 1967)"}}, {"deleted": {"name": "Listing Image", "object": "Image #None for 1967 Ford F-100 (Ford F-100 (Ford), 1967)"}}]	13	1
96	2025-10-15 00:03:40.816124+00	15	1967 Ford F-100 (Ford F-100 (Ford), 1967)	2	[{"added": {"name": "Listing Image", "object": "Image #106 for 1967 Ford F-100 (Ford F-100 (Ford), 1967)"}}, {"added": {"name": "Listing Image", "object": "Image #107 for 1967 Ford F-100 (Ford F-100 (Ford), 1967)"}}, {"added": {"name": "Listing Image", "object": "Image #108 for 1967 Ford F-100 (Ford F-100 (Ford), 1967)"}}, {"added": {"name": "Listing Image", "object": "Image #109 for 1967 Ford F-100 (Ford F-100 (Ford), 1967)"}}, {"added": {"name": "Listing Image", "object": "Image #110 for 1967 Ford F-100 (Ford F-100 (Ford), 1967)"}}, {"added": {"name": "Listing Image", "object": "Image #111 for 1967 Ford F-100 (Ford F-100 (Ford), 1967)"}}, {"added": {"name": "Listing Image", "object": "Image #112 for 1967 Ford F-100 (Ford F-100 (Ford), 1967)"}}]	13	1
97	2025-10-15 00:05:34.916464+00	6	Dodge	1	[{"added": {}}]	10	1
98	2025-10-15 00:05:39.795608+00	13	Challenger (Dodge)	1	[{"added": {}}]	15	1
99	2025-10-15 00:05:47.819853+00	14	Hemi Orange	1	[{"added": {}}]	7	1
100	2025-10-15 00:06:48.322244+00	16	1970 Dodge Challenger Hemi (Dodge Challenger (Dodge), 1970)	1	[{"added": {}}, {"added": {"name": "Listing Image", "object": "Image #113 for 1970 Dodge Challenger Hemi (Dodge Challenger (Dodge), 1970)"}}, {"added": {"name": "Listing Image", "object": "Image #114 for 1970 Dodge Challenger Hemi (Dodge Challenger (Dodge), 1970)"}}, {"added": {"name": "Listing Image", "object": "Image #115 for 1970 Dodge Challenger Hemi (Dodge Challenger (Dodge), 1970)"}}, {"added": {"name": "Listing Image", "object": "Image #116 for 1970 Dodge Challenger Hemi (Dodge Challenger (Dodge), 1970)"}}, {"added": {"name": "Listing Image", "object": "Image #117 for 1970 Dodge Challenger Hemi (Dodge Challenger (Dodge), 1970)"}}, {"added": {"name": "Listing Image", "object": "Image #118 for 1970 Dodge Challenger Hemi (Dodge Challenger (Dodge), 1970)"}}, {"added": {"name": "Listing Image", "object": "Image #119 for 1970 Dodge Challenger Hemi (Dodge Challenger (Dodge), 1970)"}}]	13	1
101	2025-10-15 00:08:31.325055+00	15	Metallic Blue	1	[{"added": {}}]	7	1
102	2025-10-15 00:08:42.16261+00	9	Hardtop	1	[{"added": {}}]	17	1
103	2025-10-15 00:09:31.433242+00	17	1958 Chevrolet Bel Air (Chevrolet Bel Air (Chevrolet), 1958)	1	[{"added": {}}, {"added": {"name": "Listing Image", "object": "Image #120 for 1958 Chevrolet Bel Air (Chevrolet Bel Air (Chevrolet), 1958)"}}, {"added": {"name": "Listing Image", "object": "Image #121 for 1958 Chevrolet Bel Air (Chevrolet Bel Air (Chevrolet), 1958)"}}, {"added": {"name": "Listing Image", "object": "Image #122 for 1958 Chevrolet Bel Air (Chevrolet Bel Air (Chevrolet), 1958)"}}, {"added": {"name": "Listing Image", "object": "Image #123 for 1958 Chevrolet Bel Air (Chevrolet Bel Air (Chevrolet), 1958)"}}, {"added": {"name": "Listing Image", "object": "Image #124 for 1958 Chevrolet Bel Air (Chevrolet Bel Air (Chevrolet), 1958)"}}, {"added": {"name": "Listing Image", "object": "Image #125 for 1958 Chevrolet Bel Air (Chevrolet Bel Air (Chevrolet), 1958)"}}, {"added": {"name": "Listing Image", "object": "Image #126 for 1958 Chevrolet Bel Air (Chevrolet Bel Air (Chevrolet), 1958)"}}]	13	1
104	2025-10-15 00:12:45.068282+00	14	Shelby Cobra Mustang GT500 (Ford)	1	[{"added": {}}]	15	1
105	2025-10-15 00:13:45.332988+00	18	1967 Shelby Cobra Mustang GT500 Fastback Tribute (Ford Shelby Cobra Mustang GT500 (Ford), 1967)	1	[{"added": {}}, {"added": {"name": "Listing Image", "object": "Image #127 for 1967 Shelby Cobra Mustang GT500 Fastback Tribute (Ford Shelby Cobra Mustang GT500 (Ford), 1967)"}}, {"added": {"name": "Listing Image", "object": "Image #128 for 1967 Shelby Cobra Mustang GT500 Fastback Tribute (Ford Shelby Cobra Mustang GT500 (Ford), 1967)"}}, {"added": {"name": "Listing Image", "object": "Image #129 for 1967 Shelby Cobra Mustang GT500 Fastback Tribute (Ford Shelby Cobra Mustang GT500 (Ford), 1967)"}}, {"added": {"name": "Listing Image", "object": "Image #130 for 1967 Shelby Cobra Mustang GT500 Fastback Tribute (Ford Shelby Cobra Mustang GT500 (Ford), 1967)"}}, {"added": {"name": "Listing Image", "object": "Image #131 for 1967 Shelby Cobra Mustang GT500 Fastback Tribute (Ford Shelby Cobra Mustang GT500 (Ford), 1967)"}}, {"added": {"name": "Listing Image", "object": "Image #132 for 1967 Shelby Cobra Mustang GT500 Fastback Tribute (Ford Shelby Cobra Mustang GT500 (Ford), 1967)"}}, {"added": {"name": "Listing Image", "object": "Image #133 for 1967 Shelby Cobra Mustang GT500 Fastback Tribute (Ford Shelby Cobra Mustang GT500 (Ford), 1967)"}}]	13	1
106	2025-10-15 00:18:18.698602+00	15	Charger (Dodge)	1	[{"added": {}}]	15	1
107	2025-10-15 00:19:00.096396+00	19	1970 Dodge Charger (Dodge Charger (Dodge), 1970)	1	[{"added": {}}, {"added": {"name": "Listing Image", "object": "Image #134 for 1970 Dodge Charger (Dodge Charger (Dodge), 1970)"}}, {"added": {"name": "Listing Image", "object": "Image #135 for 1970 Dodge Charger (Dodge Charger (Dodge), 1970)"}}, {"added": {"name": "Listing Image", "object": "Image #136 for 1970 Dodge Charger (Dodge Charger (Dodge), 1970)"}}, {"added": {"name": "Listing Image", "object": "Image #137 for 1970 Dodge Charger (Dodge Charger (Dodge), 1970)"}}, {"added": {"name": "Listing Image", "object": "Image #138 for 1970 Dodge Charger (Dodge Charger (Dodge), 1970)"}}, {"added": {"name": "Listing Image", "object": "Image #139 for 1970 Dodge Charger (Dodge Charger (Dodge), 1970)"}}, {"added": {"name": "Listing Image", "object": "Image #140 for 1970 Dodge Charger (Dodge Charger (Dodge), 1970)"}}, {"added": {"name": "Listing Image", "object": "Image #141 for 1970 Dodge Charger (Dodge Charger (Dodge), 1970)"}}, {"added": {"name": "Listing Image", "object": "Image #142 for 1970 Dodge Charger (Dodge Charger (Dodge), 1970)"}}, {"added": {"name": "Listing Image", "object": "Image #143 for 1970 Dodge Charger (Dodge Charger (Dodge), 1970)"}}]	13	1
108	2025-10-15 00:20:46.375337+00	7	Porsche	1	[{"added": {}}]	10	1
109	2025-10-15 00:20:55.583162+00	16	911 Turbo M505 (Porsche)	1	[{"added": {}}]	15	1
110	2025-10-15 00:21:00.461524+00	16	Guards Red	1	[{"added": {}}]	7	1
128	2025-10-17 15:26:54.602554+00	18	1967 Shelby Cobra Mustang GT500 Fastback Tribute (Ford Shelby Cobra Mustang GT500 (Ford), 1967)	2	[{"deleted": {"name": "Listing Image", "object": "Image #None for 1967 Shelby Cobra Mustang GT500 Fastback Tribute (Ford Shelby Cobra Mustang GT500 (Ford), 1967)"}}]	13	1
130	2025-10-17 15:29:13.451925+00	12	1967 Chevrolet Corvette C2 Coupe (Chevrolet Corvette (Chevrolet), 1967)	2	[{"changed": {"name": "Listing Image", "object": "Image #81 for 1967 Chevrolet Corvette C2 Coupe (Chevrolet Corvette (Chevrolet), 1967)", "fields": ["Path"]}}]	13	1
162	2025-10-17 17:24:13.196101+00	17	1958 Chevrolet Bel Air (Chevrolet Bel Air (Chevrolet), 1958)	2	[{"changed": {"fields": ["Price"]}}]	13	1
111	2025-10-15 00:23:24.244169+00	20	1989 Porsche 911 Turbo M505 Slant Nose (Porsche 911 Turbo M505 (Porsche), 1989)	1	[{"added": {}}, {"added": {"name": "Listing Image", "object": "Image #144 for 1989 Porsche 911 Turbo M505 Slant Nose (Porsche 911 Turbo M505 (Porsche), 1989)"}}, {"added": {"name": "Listing Image", "object": "Image #145 for 1989 Porsche 911 Turbo M505 Slant Nose (Porsche 911 Turbo M505 (Porsche), 1989)"}}, {"added": {"name": "Listing Image", "object": "Image #146 for 1989 Porsche 911 Turbo M505 Slant Nose (Porsche 911 Turbo M505 (Porsche), 1989)"}}, {"added": {"name": "Listing Image", "object": "Image #147 for 1989 Porsche 911 Turbo M505 Slant Nose (Porsche 911 Turbo M505 (Porsche), 1989)"}}, {"added": {"name": "Listing Image", "object": "Image #148 for 1989 Porsche 911 Turbo M505 Slant Nose (Porsche 911 Turbo M505 (Porsche), 1989)"}}, {"added": {"name": "Listing Image", "object": "Image #149 for 1989 Porsche 911 Turbo M505 Slant Nose (Porsche 911 Turbo M505 (Porsche), 1989)"}}, {"added": {"name": "Listing Image", "object": "Image #150 for 1989 Porsche 911 Turbo M505 Slant Nose (Porsche 911 Turbo M505 (Porsche), 1989)"}}]	13	1
112	2025-10-15 00:26:37.209233+00	17	Mustang (Ford)	1	[{"added": {}}]	15	1
113	2025-10-15 00:26:52.791097+00	17	White	1	[{"added": {}}]	7	1
114	2025-10-15 00:28:10.974739+00	21	1968 Ford Mustang GT500-Style Fastback (Ford Mustang (Ford), 1968)	1	[{"added": {}}, {"added": {"name": "Listing Image", "object": "Image #151 for 1968 Ford Mustang GT500-Style Fastback (Ford Mustang (Ford), 1968)"}}, {"added": {"name": "Listing Image", "object": "Image #152 for 1968 Ford Mustang GT500-Style Fastback (Ford Mustang (Ford), 1968)"}}, {"added": {"name": "Listing Image", "object": "Image #153 for 1968 Ford Mustang GT500-Style Fastback (Ford Mustang (Ford), 1968)"}}, {"added": {"name": "Listing Image", "object": "Image #154 for 1968 Ford Mustang GT500-Style Fastback (Ford Mustang (Ford), 1968)"}}, {"added": {"name": "Listing Image", "object": "Image #155 for 1968 Ford Mustang GT500-Style Fastback (Ford Mustang (Ford), 1968)"}}, {"added": {"name": "Listing Image", "object": "Image #156 for 1968 Ford Mustang GT500-Style Fastback (Ford Mustang (Ford), 1968)"}}]	13	1
115	2025-10-15 00:32:14.108101+00	22	1959 Chevrolet Corvette (Chevrolet Corvette (Chevrolet), 1959)	1	[{"added": {}}, {"added": {"name": "Listing Image", "object": "Image #157 for 1959 Chevrolet Corvette (Chevrolet Corvette (Chevrolet), 1959)"}}, {"added": {"name": "Listing Image", "object": "Image #158 for 1959 Chevrolet Corvette (Chevrolet Corvette (Chevrolet), 1959)"}}, {"added": {"name": "Listing Image", "object": "Image #159 for 1959 Chevrolet Corvette (Chevrolet Corvette (Chevrolet), 1959)"}}, {"added": {"name": "Listing Image", "object": "Image #160 for 1959 Chevrolet Corvette (Chevrolet Corvette (Chevrolet), 1959)"}}, {"added": {"name": "Listing Image", "object": "Image #161 for 1959 Chevrolet Corvette (Chevrolet Corvette (Chevrolet), 1959)"}}, {"added": {"name": "Listing Image", "object": "Image #162 for 1959 Chevrolet Corvette (Chevrolet Corvette (Chevrolet), 1959)"}}, {"added": {"name": "Listing Image", "object": "Image #163 for 1959 Chevrolet Corvette (Chevrolet Corvette (Chevrolet), 1959)"}}]	13	1
116	2025-10-15 00:32:39.619014+00	22	1959 Chevrolet Corvette (Chevrolet Corvette (Chevrolet), 1959)	2	[{"deleted": {"name": "Listing Image", "object": "Image #None for 1959 Chevrolet Corvette (Chevrolet Corvette (Chevrolet), 1959)"}}, {"deleted": {"name": "Listing Image", "object": "Image #None for 1959 Chevrolet Corvette (Chevrolet Corvette (Chevrolet), 1959)"}}, {"deleted": {"name": "Listing Image", "object": "Image #None for 1959 Chevrolet Corvette (Chevrolet Corvette (Chevrolet), 1959)"}}, {"deleted": {"name": "Listing Image", "object": "Image #None for 1959 Chevrolet Corvette (Chevrolet Corvette (Chevrolet), 1959)"}}, {"deleted": {"name": "Listing Image", "object": "Image #None for 1959 Chevrolet Corvette (Chevrolet Corvette (Chevrolet), 1959)"}}, {"deleted": {"name": "Listing Image", "object": "Image #None for 1959 Chevrolet Corvette (Chevrolet Corvette (Chevrolet), 1959)"}}, {"deleted": {"name": "Listing Image", "object": "Image #None for 1959 Chevrolet Corvette (Chevrolet Corvette (Chevrolet), 1959)"}}]	13	1
117	2025-10-15 00:33:06.571389+00	22	1959 Chevrolet Corvette (Chevrolet Corvette (Chevrolet), 1959)	2	[{"added": {"name": "Listing Image", "object": "Image #164 for 1959 Chevrolet Corvette (Chevrolet Corvette (Chevrolet), 1959)"}}, {"added": {"name": "Listing Image", "object": "Image #165 for 1959 Chevrolet Corvette (Chevrolet Corvette (Chevrolet), 1959)"}}, {"added": {"name": "Listing Image", "object": "Image #166 for 1959 Chevrolet Corvette (Chevrolet Corvette (Chevrolet), 1959)"}}, {"added": {"name": "Listing Image", "object": "Image #167 for 1959 Chevrolet Corvette (Chevrolet Corvette (Chevrolet), 1959)"}}, {"added": {"name": "Listing Image", "object": "Image #168 for 1959 Chevrolet Corvette (Chevrolet Corvette (Chevrolet), 1959)"}}, {"added": {"name": "Listing Image", "object": "Image #169 for 1959 Chevrolet Corvette (Chevrolet Corvette (Chevrolet), 1959)"}}, {"added": {"name": "Listing Image", "object": "Image #170 for 1959 Chevrolet Corvette (Chevrolet Corvette (Chevrolet), 1959)"}}]	13	1
118	2025-10-17 14:28:05.651108+00	22	1959 Chevrolet Corvette (Chevrolet Corvette (Chevrolet), 1959)	2	[{"changed": {"name": "Listing Image", "object": "Image #165 for 1959 Chevrolet Corvette (Chevrolet Corvette (Chevrolet), 1959)", "fields": ["Path"]}}]	13	1
119	2025-10-17 14:32:10.054989+00	19	1970 Dodge Charger (Dodge Charger (Dodge), 1970)	2	[{"changed": {"name": "Listing Image", "object": "Image #137 for 1970 Dodge Charger (Dodge Charger (Dodge), 1970)", "fields": ["Path"]}}]	13	1
120	2025-10-17 14:36:04.458885+00	18	1967 Shelby Cobra Mustang GT500 Fastback Tribute (Ford Shelby Cobra Mustang GT500 (Ford), 1967)	2	[{"changed": {"name": "Listing Image", "object": "Image #129 for 1967 Shelby Cobra Mustang GT500 Fastback Tribute (Ford Shelby Cobra Mustang GT500 (Ford), 1967)", "fields": ["Path"]}}, {"changed": {"name": "Listing Image", "object": "Image #131 for 1967 Shelby Cobra Mustang GT500 Fastback Tribute (Ford Shelby Cobra Mustang GT500 (Ford), 1967)", "fields": ["Path"]}}]	13	1
121	2025-10-17 14:39:28.357492+00	22	1959 Chevrolet Corvette (Chevrolet Corvette (Chevrolet), 1959)	2	[{"changed": {"name": "Listing Image", "object": "Image #165 for 1959 Chevrolet Corvette (Chevrolet Corvette (Chevrolet), 1959)", "fields": ["Path"]}}]	13	1
122	2025-10-17 14:51:17.584739+00	16	1970 Dodge Challenger Hemi (Dodge Challenger (Dodge), 1970)	2	[{"changed": {"name": "Listing Image", "object": "Image #115 for 1970 Dodge Challenger Hemi (Dodge Challenger (Dodge), 1970)", "fields": ["Path"]}}]	13	1
123	2025-10-17 14:54:57.164373+00	16	1970 Dodge Challenger Hemi (Dodge Challenger (Dodge), 1970)	2	[{"changed": {"name": "Listing Image", "object": "Image #116 for 1970 Dodge Challenger Hemi (Dodge Challenger (Dodge), 1970)", "fields": ["Path"]}}]	13	1
124	2025-10-17 14:59:25.297169+00	15	1967 Ford F-100 (Ford F-100 (Ford), 1967)	2	[{"changed": {"name": "Listing Image", "object": "Image #111 for 1967 Ford F-100 (Ford F-100 (Ford), 1967)", "fields": ["Path"]}}, {"changed": {"name": "Listing Image", "object": "Image #112 for 1967 Ford F-100 (Ford F-100 (Ford), 1967)", "fields": ["Path"]}}]	13	1
125	2025-10-17 15:00:20.667775+00	15	1967 Ford F-100 (Ford F-100 (Ford), 1967)	2	[{"deleted": {"name": "Listing Image", "object": "Image #None for 1967 Ford F-100 (Ford F-100 (Ford), 1967)"}}]	13	1
129	2025-10-17 15:27:16.342143+00	21	1968 Ford Mustang GT500-Style Fastback (Ford Mustang (Ford), 1968)	2	[{"deleted": {"name": "Listing Image", "object": "Image #None for 1968 Ford Mustang GT500-Style Fastback (Ford Mustang (Ford), 1968)"}}]	13	1
131	2025-10-17 15:30:42.730043+00	12	1967 Chevrolet Corvette C2 Coupe (Chevrolet Corvette (Chevrolet), 1967)	2	[{"changed": {"name": "Listing Image", "object": "Image #80 for 1967 Chevrolet Corvette C2 Coupe (Chevrolet Corvette (Chevrolet), 1967)", "fields": ["Path"]}}]	13	1
132	2025-10-17 15:31:33.248217+00	12	1967 Chevrolet Corvette C2 Coupe (Chevrolet Corvette (Chevrolet), 1967)	2	[{"changed": {"name": "Listing Image", "object": "Image #82 for 1967 Chevrolet Corvette C2 Coupe (Chevrolet Corvette (Chevrolet), 1967)", "fields": ["Path"]}}]	13	1
133	2025-10-17 15:33:09.887865+00	12	1967 Chevrolet Corvette C2 Coupe (Chevrolet Corvette (Chevrolet), 1967)	2	[{"changed": {"name": "Listing Image", "object": "Image #83 for 1967 Chevrolet Corvette C2 Coupe (Chevrolet Corvette (Chevrolet), 1967)", "fields": ["Path"]}}]	13	1
134	2025-10-17 15:36:07.050186+00	10	1969 Mercedes-Benz 280SE Cabriolet (Mercedes 280SE (Mercedes), 1969)	2	[{"changed": {"name": "Listing Image", "object": "Image #69 for 1969 Mercedes-Benz 280SE Cabriolet (Mercedes 280SE (Mercedes), 1969)", "fields": ["Path"]}}]	13	1
135	2025-10-17 15:37:02.963251+00	10	1969 Mercedes-Benz 280SE Cabriolet (Mercedes 280SE (Mercedes), 1969)	2	[{"changed": {"name": "Listing Image", "object": "Image #70 for 1969 Mercedes-Benz 280SE Cabriolet (Mercedes 280SE (Mercedes), 1969)", "fields": ["Path"]}}]	13	1
136	2025-10-17 15:37:58.622479+00	9	1966 Chevrolet Chevy II Nova (Chevrolet Chevy II Nova (Chevrolet), 1966)	2	[{"deleted": {"name": "Listing Image", "object": "Image #None for 1966 Chevrolet Chevy II Nova (Chevrolet Chevy II Nova (Chevrolet), 1966)"}}]	13	1
137	2025-10-17 15:39:04.717598+00	9	1966 Chevrolet Chevy II Nova (Chevrolet Chevy II Nova (Chevrolet), 1966)	2	[{"changed": {"name": "Listing Image", "object": "Image #57 for 1966 Chevrolet Chevy II Nova (Chevrolet Chevy II Nova (Chevrolet), 1966)", "fields": ["Path"]}}]	13	1
138	2025-10-17 15:40:24.871117+00	9	1966 Chevrolet Chevy II Nova (Chevrolet Chevy II Nova (Chevrolet), 1966)	2	[{"changed": {"name": "Listing Image", "object": "Image #58 for 1966 Chevrolet Chevy II Nova (Chevrolet Chevy II Nova (Chevrolet), 1966)", "fields": ["Path"]}}]	13	1
139	2025-10-17 15:41:20.842229+00	9	1966 Chevrolet Chevy II Nova (Chevrolet Chevy II Nova (Chevrolet), 1966)	2	[{"changed": {"name": "Listing Image", "object": "Image #59 for 1966 Chevrolet Chevy II Nova (Chevrolet Chevy II Nova (Chevrolet), 1966)", "fields": ["Path"]}}]	13	1
140	2025-10-17 15:43:10.801325+00	9	1966 Chevrolet Chevy II Nova (Chevrolet Chevy II Nova (Chevrolet), 1966)	2	[{"changed": {"name": "Listing Image", "object": "Image #60 for 1966 Chevrolet Chevy II Nova (Chevrolet Chevy II Nova (Chevrolet), 1966)", "fields": ["Path"]}}]	13	1
141	2025-10-17 15:44:21.405328+00	9	1966 Chevrolet Chevy II Nova (Chevrolet Chevy II Nova (Chevrolet), 1966)	2	[{"changed": {"name": "Listing Image", "object": "Image #61 for 1966 Chevrolet Chevy II Nova (Chevrolet Chevy II Nova (Chevrolet), 1966)", "fields": ["Path"]}}]	13	1
142	2025-10-17 15:46:08.097327+00	8	1955 Chevrolet Bel Air Convertible (Chevrolet Bel Air (Chevrolet), 1955)	2	[{"changed": {"name": "Listing Image", "object": "Image #56 for 1955 Chevrolet Bel Air Convertible (Chevrolet Bel Air (Chevrolet), 1955)", "fields": ["Path"]}}]	13	1
143	2025-10-17 15:48:17.554916+00	6	1963 Chevrolet Corvette Split-Window Coupe (Chevrolet Corvette (Chevrolet), 1963)	2	[{"changed": {"name": "Listing Image", "object": "Image #36 for 1963 Chevrolet Corvette Split-Window Coupe (Chevrolet Corvette (Chevrolet), 1963)", "fields": ["Path"]}}]	13	1
144	2025-10-17 15:50:28.789416+00	6	1963 Chevrolet Corvette Split-Window Coupe (Chevrolet Corvette (Chevrolet), 1963)	2	[{"changed": {"name": "Listing Image", "object": "Image #38 for 1963 Chevrolet Corvette Split-Window Coupe (Chevrolet Corvette (Chevrolet), 1963)", "fields": ["Path"]}}]	13	1
145	2025-10-17 15:51:16.050915+00	6	1963 Chevrolet Corvette Split-Window Coupe (Chevrolet Corvette (Chevrolet), 1963)	2	[{"changed": {"name": "Listing Image", "object": "Image #42 for 1963 Chevrolet Corvette Split-Window Coupe (Chevrolet Corvette (Chevrolet), 1963)", "fields": ["Path"]}}]	13	1
146	2025-10-17 15:55:27.250418+00	5	1954 Ford F-100 Pickup (Ford F-100 (Ford), 1954)	2	[{"changed": {"name": "Listing Image", "object": "Image #29 for 1954 Ford F-100 Pickup (Ford F-100 (Ford), 1954)", "fields": ["Path"]}}]	13	1
147	2025-10-17 15:57:59.513336+00	5	1954 Ford F-100 Pickup (Ford F-100 (Ford), 1954)	2	[{"changed": {"name": "Listing Image", "object": "Image #30 for 1954 Ford F-100 Pickup (Ford F-100 (Ford), 1954)", "fields": ["Path"]}}]	13	1
148	2025-10-17 15:59:13.895343+00	5	1954 Ford F-100 Pickup (Ford F-100 (Ford), 1954)	2	[{"changed": {"name": "Listing Image", "object": "Image #34 for 1954 Ford F-100 Pickup (Ford F-100 (Ford), 1954)", "fields": ["Path"]}}]	13	1
149	2025-10-17 16:00:04.353332+00	5	1954 Ford F-100 Pickup (Ford F-100 (Ford), 1954)	2	[{"changed": {"name": "Listing Image", "object": "Image #35 for 1954 Ford F-100 Pickup (Ford F-100 (Ford), 1954)", "fields": ["Path"]}}]	13	1
150	2025-10-17 16:01:16.799734+00	4	1969 Chevrolet C10 Pickup (Chevrolet C10 (Chevrolet), 1969)	2	[{"changed": {"name": "Listing Image", "object": "Image #23 for 1969 Chevrolet C10 Pickup (Chevrolet C10 (Chevrolet), 1969)", "fields": ["Path"]}}]	13	1
151	2025-10-17 16:02:27.918095+00	4	1969 Chevrolet C10 Pickup (Chevrolet C10 (Chevrolet), 1969)	2	[{"changed": {"name": "Listing Image", "object": "Image #24 for 1969 Chevrolet C10 Pickup (Chevrolet C10 (Chevrolet), 1969)", "fields": ["Path"]}}]	13	1
152	2025-10-17 16:04:09.246188+00	3	1966 Chevrolet Chevelle Malibu Convertible (Chevrolet Chevelle Malibu (Chevrolet), 1966)	2	[{"changed": {"name": "Listing Image", "object": "Image #16 for 1966 Chevrolet Chevelle Malibu Convertible (Chevrolet Chevelle Malibu (Chevrolet), 1966)", "fields": ["Path"]}}]	13	1
153	2025-10-17 16:04:59.700733+00	3	1966 Chevrolet Chevelle Malibu Convertible (Chevrolet Chevelle Malibu (Chevrolet), 1966)	2	[{"changed": {"name": "Listing Image", "object": "Image #21 for 1966 Chevrolet Chevelle Malibu Convertible (Chevrolet Chevelle Malibu (Chevrolet), 1966)", "fields": ["Path"]}}]	13	1
154	2025-10-17 16:06:34.720118+00	2	Classic 1952 Jaguar XK120 Roadster (Jaguar XK120 (Jaguar), 1952)	2	[{"changed": {"name": "Listing Image", "object": "Image #11 for Classic 1952 Jaguar XK120 Roadster (Jaguar XK120 (Jaguar), 1952)", "fields": ["Path"]}}]	13	1
155	2025-10-17 16:07:38.166411+00	2	Classic 1952 Jaguar XK120 Roadster (Jaguar XK120 (Jaguar), 1952)	2	[{"changed": {"name": "Listing Image", "object": "Image #12 for Classic 1952 Jaguar XK120 Roadster (Jaguar XK120 (Jaguar), 1952)", "fields": ["Path"]}}]	13	1
156	2025-10-17 16:09:56.498392+00	1	Supercharged 1969 Ford F-100 Pickup (Ford F-100 (Ford), 1969)	2	[{"changed": {"name": "Listing Image", "object": "Image #7 for Supercharged 1969 Ford F-100 Pickup (Ford F-100 (Ford), 1969)", "fields": ["Path"]}}]	13	1
157	2025-10-17 16:51:02.814047+00	20	1989 Porsche 911 Turbo M505 Slant Nose (Porsche 911 Turbo M505 (Porsche), 1989)	3		13	1
158	2025-10-17 16:51:24.465872+00	19	1970 Dodge Charger (Dodge Charger (Dodge), 1970)	3		13	1
159	2025-10-17 17:21:52.654535+00	22	1959 Chevrolet Corvette (Chevrolet Corvette (Chevrolet), 1959)	2	[{"changed": {"fields": ["Price"]}}]	13	1
160	2025-10-17 17:22:12.629556+00	21	1968 Ford Mustang GT500-Style Fastback (Ford Mustang (Ford), 1968)	2	[{"changed": {"fields": ["Price"]}}]	13	1
163	2025-10-17 17:25:28.474006+00	5	1954 Ford F-100 Pickup (Ford F-100 (Ford), 1954)	2	[{"changed": {"fields": ["Price"]}}]	13	1
164	2025-10-17 18:48:51.881343+00	3	Inquiry by Nishant Sharma	2	[{"changed": {"fields": ["Status"]}}]	16	2
165	2025-10-19 12:20:36.228107+00	1	Administrator	2	[{"changed": {"fields": ["Permissions"]}}]	3	1
166	2025-10-19 12:21:18.081543+00	5	Inquiry by Daniel Edwards	2	[{"added": {"name": "Comment", "object": "Test Inquiry"}}]	16	2
167	2025-10-19 12:21:27.559765+00	5	Inquiry by Daniel Edwards	2	[{"changed": {"name": "Comment", "object": "Test Inquiry Comment", "fields": ["Enter/Edit Comment"]}}]	16	2
168	2025-10-19 12:21:43.615361+00	5	Inquiry by Daniel Edwards	2	[{"added": {"name": "Comment", "object": "Test Inquiry Comment 2"}}]	16	2
169	2025-10-19 16:37:17.176846+00	3	Inquiry by Nishant Sharma	2	[{"added": {"name": "Comment", "object": "na"}}]	16	2
170	2025-10-19 16:37:36.816919+00	3	Inquiry by Nishant Sharma	2	[{"changed": {"name": "Comment", "object": "12.29 na email", "fields": ["Enter/Edit Comment"]}}]	16	2
171	2025-10-19 16:37:52.512054+00	3	Inquiry by Nishant Sharma	2	[{"changed": {"name": "Comment", "object": "12.29 na email\\r\\n13,01 email", "fields": ["Enter/Edit Comment"]}}]	16	2
172	2025-10-19 16:38:29.79237+00	3	Inquiry by Nishant Sharma	2	[{"changed": {"name": "Comment", "object": "a", "fields": ["Enter/Edit Comment"]}}]	16	2
173	2025-10-19 17:32:44.320144+00	4	No answer	2	[{"changed": {"fields": ["Name"]}}]	11	1
174	2025-10-19 17:32:56.919205+00	5	Comes to our place	2	[{"changed": {"fields": ["Name"]}}]	11	1
175	2025-10-19 17:33:05.557297+00	6	Repeated	1	[{"added": {}}]	11	1
176	2025-10-19 17:35:03.511686+00	5	Inquiry by Daniel Edwards	2	[{"changed": {"fields": ["Status"]}}]	16	1
177	2025-10-19 17:35:21.706589+00	4	Inquiry by Nishant Sharma	2	[{"changed": {"fields": ["Status"]}}]	16	1
178	2025-10-19 17:35:33.799026+00	4	Inquiry by Nishant Sharma	2	[{"changed": {"fields": ["Status"]}}]	16	1
179	2025-10-19 19:06:34.332161+00	4	1969 Chevrolet C10 Pickup (Chevrolet C10 (Chevrolet), 1969)	2	[{"deleted": {"name": "Listing Image", "object": "Image #None for 1969 Chevrolet C10 Pickup (Chevrolet C10 (Chevrolet), 1969)"}}, {"deleted": {"name": "Listing Image", "object": "Image #None for 1969 Chevrolet C10 Pickup (Chevrolet C10 (Chevrolet), 1969)"}}, {"deleted": {"name": "Listing Image", "object": "Image #None for 1969 Chevrolet C10 Pickup (Chevrolet C10 (Chevrolet), 1969)"}}, {"deleted": {"name": "Listing Image", "object": "Image #None for 1969 Chevrolet C10 Pickup (Chevrolet C10 (Chevrolet), 1969)"}}, {"deleted": {"name": "Listing Image", "object": "Image #None for 1969 Chevrolet C10 Pickup (Chevrolet C10 (Chevrolet), 1969)"}}, {"deleted": {"name": "Listing Image", "object": "Image #None for 1969 Chevrolet C10 Pickup (Chevrolet C10 (Chevrolet), 1969)"}}, {"deleted": {"name": "Listing Image", "object": "Image #None for 1969 Chevrolet C10 Pickup (Chevrolet C10 (Chevrolet), 1969)"}}]	13	1
180	2025-10-19 19:08:59.579987+00	4	1969 Chevrolet C10 Pickup (Chevrolet C10 (Chevrolet), 1969)	2	[{"added": {"name": "Listing Image", "object": "Image #171 for 1969 Chevrolet C10 Pickup (Chevrolet C10 (Chevrolet), 1969)"}}, {"added": {"name": "Listing Image", "object": "Image #172 for 1969 Chevrolet C10 Pickup (Chevrolet C10 (Chevrolet), 1969)"}}, {"added": {"name": "Listing Image", "object": "Image #173 for 1969 Chevrolet C10 Pickup (Chevrolet C10 (Chevrolet), 1969)"}}, {"added": {"name": "Listing Image", "object": "Image #174 for 1969 Chevrolet C10 Pickup (Chevrolet C10 (Chevrolet), 1969)"}}, {"added": {"name": "Listing Image", "object": "Image #175 for 1969 Chevrolet C10 Pickup (Chevrolet C10 (Chevrolet), 1969)"}}, {"added": {"name": "Listing Image", "object": "Image #176 for 1969 Chevrolet C10 Pickup (Chevrolet C10 (Chevrolet), 1969)"}}, {"added": {"name": "Listing Image", "object": "Image #177 for 1969 Chevrolet C10 Pickup (Chevrolet C10 (Chevrolet), 1969)"}}, {"added": {"name": "Listing Image", "object": "Image #178 for 1969 Chevrolet C10 Pickup (Chevrolet C10 (Chevrolet), 1969)"}}, {"added": {"name": "Listing Image", "object": "Image #179 for 1969 Chevrolet C10 Pickup (Chevrolet C10 (Chevrolet), 1969)"}}, {"added": {"name": "Listing Image", "object": "Image #180 for 1969 Chevrolet C10 Pickup (Chevrolet C10 (Chevrolet), 1969)"}}]	13	1
181	2025-10-19 19:09:27.185318+00	9	1966 Chevrolet Chevy II Nova (Chevrolet Chevy II Nova (Chevrolet), 1966)	2	[{"deleted": {"name": "Listing Image", "object": "Image #None for 1966 Chevrolet Chevy II Nova (Chevrolet Chevy II Nova (Chevrolet), 1966)"}}, {"deleted": {"name": "Listing Image", "object": "Image #None for 1966 Chevrolet Chevy II Nova (Chevrolet Chevy II Nova (Chevrolet), 1966)"}}, {"deleted": {"name": "Listing Image", "object": "Image #None for 1966 Chevrolet Chevy II Nova (Chevrolet Chevy II Nova (Chevrolet), 1966)"}}, {"deleted": {"name": "Listing Image", "object": "Image #None for 1966 Chevrolet Chevy II Nova (Chevrolet Chevy II Nova (Chevrolet), 1966)"}}, {"deleted": {"name": "Listing Image", "object": "Image #None for 1966 Chevrolet Chevy II Nova (Chevrolet Chevy II Nova (Chevrolet), 1966)"}}, {"deleted": {"name": "Listing Image", "object": "Image #None for 1966 Chevrolet Chevy II Nova (Chevrolet Chevy II Nova (Chevrolet), 1966)"}}]	13	1
182	2025-10-19 19:11:11.534125+00	9	1966 Chevrolet Chevy II Nova (Chevrolet Chevy II Nova (Chevrolet), 1966)	2	[{"added": {"name": "Listing Image", "object": "Image #181 for 1966 Chevrolet Chevy II Nova (Chevrolet Chevy II Nova (Chevrolet), 1966)"}}, {"added": {"name": "Listing Image", "object": "Image #182 for 1966 Chevrolet Chevy II Nova (Chevrolet Chevy II Nova (Chevrolet), 1966)"}}, {"added": {"name": "Listing Image", "object": "Image #183 for 1966 Chevrolet Chevy II Nova (Chevrolet Chevy II Nova (Chevrolet), 1966)"}}, {"added": {"name": "Listing Image", "object": "Image #184 for 1966 Chevrolet Chevy II Nova (Chevrolet Chevy II Nova (Chevrolet), 1966)"}}, {"added": {"name": "Listing Image", "object": "Image #185 for 1966 Chevrolet Chevy II Nova (Chevrolet Chevy II Nova (Chevrolet), 1966)"}}, {"added": {"name": "Listing Image", "object": "Image #186 for 1966 Chevrolet Chevy II Nova (Chevrolet Chevy II Nova (Chevrolet), 1966)"}}, {"added": {"name": "Listing Image", "object": "Image #187 for 1966 Chevrolet Chevy II Nova (Chevrolet Chevy II Nova (Chevrolet), 1966)"}}, {"added": {"name": "Listing Image", "object": "Image #188 for 1966 Chevrolet Chevy II Nova (Chevrolet Chevy II Nova (Chevrolet), 1966)"}}, {"added": {"name": "Listing Image", "object": "Image #189 for 1966 Chevrolet Chevy II Nova (Chevrolet Chevy II Nova (Chevrolet), 1966)"}}, {"added": {"name": "Listing Image", "object": "Image #190 for 1966 Chevrolet Chevy II Nova (Chevrolet Chevy II Nova (Chevrolet), 1966)"}}]	13	1
189	2025-10-19 19:26:53.49869+00	5	1954 Ford F-100 Pickup (Ford F-100 (Ford), 1954)	2	[{"deleted": {"name": "Listing Image", "object": "Image #None for 1954 Ford F-100 Pickup (Ford F-100 (Ford), 1954)"}}, {"deleted": {"name": "Listing Image", "object": "Image #None for 1954 Ford F-100 Pickup (Ford F-100 (Ford), 1954)"}}, {"deleted": {"name": "Listing Image", "object": "Image #None for 1954 Ford F-100 Pickup (Ford F-100 (Ford), 1954)"}}, {"deleted": {"name": "Listing Image", "object": "Image #None for 1954 Ford F-100 Pickup (Ford F-100 (Ford), 1954)"}}, {"deleted": {"name": "Listing Image", "object": "Image #None for 1954 Ford F-100 Pickup (Ford F-100 (Ford), 1954)"}}, {"deleted": {"name": "Listing Image", "object": "Image #None for 1954 Ford F-100 Pickup (Ford F-100 (Ford), 1954)"}}, {"deleted": {"name": "Listing Image", "object": "Image #None for 1954 Ford F-100 Pickup (Ford F-100 (Ford), 1954)"}}]	13	1
183	2025-10-19 19:23:50.09364+00	8	1955 Chevrolet Bel Air Convertible (Chevrolet Bel Air (Chevrolet), 1955)	2	[{"deleted": {"name": "Listing Image", "object": "Image #None for 1955 Chevrolet Bel Air Convertible (Chevrolet Bel Air (Chevrolet), 1955)"}}, {"deleted": {"name": "Listing Image", "object": "Image #None for 1955 Chevrolet Bel Air Convertible (Chevrolet Bel Air (Chevrolet), 1955)"}}, {"deleted": {"name": "Listing Image", "object": "Image #None for 1955 Chevrolet Bel Air Convertible (Chevrolet Bel Air (Chevrolet), 1955)"}}, {"deleted": {"name": "Listing Image", "object": "Image #None for 1955 Chevrolet Bel Air Convertible (Chevrolet Bel Air (Chevrolet), 1955)"}}, {"deleted": {"name": "Listing Image", "object": "Image #None for 1955 Chevrolet Bel Air Convertible (Chevrolet Bel Air (Chevrolet), 1955)"}}, {"deleted": {"name": "Listing Image", "object": "Image #None for 1955 Chevrolet Bel Air Convertible (Chevrolet Bel Air (Chevrolet), 1955)"}}, {"deleted": {"name": "Listing Image", "object": "Image #None for 1955 Chevrolet Bel Air Convertible (Chevrolet Bel Air (Chevrolet), 1955)"}}]	13	1
184	2025-10-19 19:24:22.482158+00	8	1955 Chevrolet Bel Air Convertible (Chevrolet Bel Air (Chevrolet), 1955)	2	[{"added": {"name": "Listing Image", "object": "Image #191 for 1955 Chevrolet Bel Air Convertible (Chevrolet Bel Air (Chevrolet), 1955)"}}, {"added": {"name": "Listing Image", "object": "Image #192 for 1955 Chevrolet Bel Air Convertible (Chevrolet Bel Air (Chevrolet), 1955)"}}, {"added": {"name": "Listing Image", "object": "Image #193 for 1955 Chevrolet Bel Air Convertible (Chevrolet Bel Air (Chevrolet), 1955)"}}, {"added": {"name": "Listing Image", "object": "Image #194 for 1955 Chevrolet Bel Air Convertible (Chevrolet Bel Air (Chevrolet), 1955)"}}, {"added": {"name": "Listing Image", "object": "Image #195 for 1955 Chevrolet Bel Air Convertible (Chevrolet Bel Air (Chevrolet), 1955)"}}, {"added": {"name": "Listing Image", "object": "Image #196 for 1955 Chevrolet Bel Air Convertible (Chevrolet Bel Air (Chevrolet), 1955)"}}, {"added": {"name": "Listing Image", "object": "Image #197 for 1955 Chevrolet Bel Air Convertible (Chevrolet Bel Air (Chevrolet), 1955)"}}, {"added": {"name": "Listing Image", "object": "Image #198 for 1955 Chevrolet Bel Air Convertible (Chevrolet Bel Air (Chevrolet), 1955)"}}, {"added": {"name": "Listing Image", "object": "Image #199 for 1955 Chevrolet Bel Air Convertible (Chevrolet Bel Air (Chevrolet), 1955)"}}, {"added": {"name": "Listing Image", "object": "Image #200 for 1955 Chevrolet Bel Air Convertible (Chevrolet Bel Air (Chevrolet), 1955)"}}]	13	1
185	2025-10-19 19:24:59.648021+00	22	1959 Chevrolet Corvette (Chevrolet Corvette (Chevrolet), 1959)	2	[{"deleted": {"name": "Listing Image", "object": "Image #None for 1959 Chevrolet Corvette (Chevrolet Corvette (Chevrolet), 1959)"}}, {"deleted": {"name": "Listing Image", "object": "Image #None for 1959 Chevrolet Corvette (Chevrolet Corvette (Chevrolet), 1959)"}}, {"deleted": {"name": "Listing Image", "object": "Image #None for 1959 Chevrolet Corvette (Chevrolet Corvette (Chevrolet), 1959)"}}, {"deleted": {"name": "Listing Image", "object": "Image #None for 1959 Chevrolet Corvette (Chevrolet Corvette (Chevrolet), 1959)"}}, {"deleted": {"name": "Listing Image", "object": "Image #None for 1959 Chevrolet Corvette (Chevrolet Corvette (Chevrolet), 1959)"}}, {"deleted": {"name": "Listing Image", "object": "Image #None for 1959 Chevrolet Corvette (Chevrolet Corvette (Chevrolet), 1959)"}}, {"deleted": {"name": "Listing Image", "object": "Image #None for 1959 Chevrolet Corvette (Chevrolet Corvette (Chevrolet), 1959)"}}]	13	1
186	2025-10-19 19:25:29.807646+00	22	1959 Chevrolet Corvette (Chevrolet Corvette (Chevrolet), 1959)	2	[{"added": {"name": "Listing Image", "object": "Image #201 for 1959 Chevrolet Corvette (Chevrolet Corvette (Chevrolet), 1959)"}}, {"added": {"name": "Listing Image", "object": "Image #202 for 1959 Chevrolet Corvette (Chevrolet Corvette (Chevrolet), 1959)"}}, {"added": {"name": "Listing Image", "object": "Image #203 for 1959 Chevrolet Corvette (Chevrolet Corvette (Chevrolet), 1959)"}}, {"added": {"name": "Listing Image", "object": "Image #204 for 1959 Chevrolet Corvette (Chevrolet Corvette (Chevrolet), 1959)"}}, {"added": {"name": "Listing Image", "object": "Image #205 for 1959 Chevrolet Corvette (Chevrolet Corvette (Chevrolet), 1959)"}}, {"added": {"name": "Listing Image", "object": "Image #206 for 1959 Chevrolet Corvette (Chevrolet Corvette (Chevrolet), 1959)"}}, {"added": {"name": "Listing Image", "object": "Image #207 for 1959 Chevrolet Corvette (Chevrolet Corvette (Chevrolet), 1959)"}}, {"added": {"name": "Listing Image", "object": "Image #208 for 1959 Chevrolet Corvette (Chevrolet Corvette (Chevrolet), 1959)"}}, {"added": {"name": "Listing Image", "object": "Image #209 for 1959 Chevrolet Corvette (Chevrolet Corvette (Chevrolet), 1959)"}}, {"added": {"name": "Listing Image", "object": "Image #210 for 1959 Chevrolet Corvette (Chevrolet Corvette (Chevrolet), 1959)"}}]	13	1
187	2025-10-19 19:26:00.636383+00	3	1966 Chevrolet Chevelle Malibu Convertible (Chevrolet Chevelle Malibu (Chevrolet), 1966)	2	[{"deleted": {"name": "Listing Image", "object": "Image #None for 1966 Chevrolet Chevelle Malibu Convertible (Chevrolet Chevelle Malibu (Chevrolet), 1966)"}}, {"deleted": {"name": "Listing Image", "object": "Image #None for 1966 Chevrolet Chevelle Malibu Convertible (Chevrolet Chevelle Malibu (Chevrolet), 1966)"}}, {"deleted": {"name": "Listing Image", "object": "Image #None for 1966 Chevrolet Chevelle Malibu Convertible (Chevrolet Chevelle Malibu (Chevrolet), 1966)"}}, {"deleted": {"name": "Listing Image", "object": "Image #None for 1966 Chevrolet Chevelle Malibu Convertible (Chevrolet Chevelle Malibu (Chevrolet), 1966)"}}, {"deleted": {"name": "Listing Image", "object": "Image #None for 1966 Chevrolet Chevelle Malibu Convertible (Chevrolet Chevelle Malibu (Chevrolet), 1966)"}}, {"deleted": {"name": "Listing Image", "object": "Image #None for 1966 Chevrolet Chevelle Malibu Convertible (Chevrolet Chevelle Malibu (Chevrolet), 1966)"}}, {"deleted": {"name": "Listing Image", "object": "Image #None for 1966 Chevrolet Chevelle Malibu Convertible (Chevrolet Chevelle Malibu (Chevrolet), 1966)"}}]	13	1
188	2025-10-19 19:26:29.968886+00	3	1966 Chevrolet Chevelle Malibu Convertible (Chevrolet Chevelle Malibu (Chevrolet), 1966)	2	[{"added": {"name": "Listing Image", "object": "Image #211 for 1966 Chevrolet Chevelle Malibu Convertible (Chevrolet Chevelle Malibu (Chevrolet), 1966)"}}, {"added": {"name": "Listing Image", "object": "Image #212 for 1966 Chevrolet Chevelle Malibu Convertible (Chevrolet Chevelle Malibu (Chevrolet), 1966)"}}, {"added": {"name": "Listing Image", "object": "Image #213 for 1966 Chevrolet Chevelle Malibu Convertible (Chevrolet Chevelle Malibu (Chevrolet), 1966)"}}, {"added": {"name": "Listing Image", "object": "Image #214 for 1966 Chevrolet Chevelle Malibu Convertible (Chevrolet Chevelle Malibu (Chevrolet), 1966)"}}, {"added": {"name": "Listing Image", "object": "Image #215 for 1966 Chevrolet Chevelle Malibu Convertible (Chevrolet Chevelle Malibu (Chevrolet), 1966)"}}, {"added": {"name": "Listing Image", "object": "Image #216 for 1966 Chevrolet Chevelle Malibu Convertible (Chevrolet Chevelle Malibu (Chevrolet), 1966)"}}, {"added": {"name": "Listing Image", "object": "Image #217 for 1966 Chevrolet Chevelle Malibu Convertible (Chevrolet Chevelle Malibu (Chevrolet), 1966)"}}, {"added": {"name": "Listing Image", "object": "Image #218 for 1966 Chevrolet Chevelle Malibu Convertible (Chevrolet Chevelle Malibu (Chevrolet), 1966)"}}, {"added": {"name": "Listing Image", "object": "Image #219 for 1966 Chevrolet Chevelle Malibu Convertible (Chevrolet Chevelle Malibu (Chevrolet), 1966)"}}, {"added": {"name": "Listing Image", "object": "Image #220 for 1966 Chevrolet Chevelle Malibu Convertible (Chevrolet Chevelle Malibu (Chevrolet), 1966)"}}]	13	1
190	2025-10-19 19:27:26.10135+00	5	1954 Ford F-100 Pickup (Ford F-100 (Ford), 1954)	2	[{"added": {"name": "Listing Image", "object": "Image #221 for 1954 Ford F-100 Pickup (Ford F-100 (Ford), 1954)"}}, {"added": {"name": "Listing Image", "object": "Image #222 for 1954 Ford F-100 Pickup (Ford F-100 (Ford), 1954)"}}, {"added": {"name": "Listing Image", "object": "Image #223 for 1954 Ford F-100 Pickup (Ford F-100 (Ford), 1954)"}}, {"added": {"name": "Listing Image", "object": "Image #224 for 1954 Ford F-100 Pickup (Ford F-100 (Ford), 1954)"}}, {"added": {"name": "Listing Image", "object": "Image #225 for 1954 Ford F-100 Pickup (Ford F-100 (Ford), 1954)"}}, {"added": {"name": "Listing Image", "object": "Image #226 for 1954 Ford F-100 Pickup (Ford F-100 (Ford), 1954)"}}, {"added": {"name": "Listing Image", "object": "Image #227 for 1954 Ford F-100 Pickup (Ford F-100 (Ford), 1954)"}}, {"added": {"name": "Listing Image", "object": "Image #228 for 1954 Ford F-100 Pickup (Ford F-100 (Ford), 1954)"}}, {"added": {"name": "Listing Image", "object": "Image #229 for 1954 Ford F-100 Pickup (Ford F-100 (Ford), 1954)"}}, {"added": {"name": "Listing Image", "object": "Image #230 for 1954 Ford F-100 Pickup (Ford F-100 (Ford), 1954)"}}]	13	1
191	2025-10-19 19:27:46.268989+00	11	1968 Shelby Mustang GT500KR Convertible (Ford Mustang Shelby GT500KR (Ford), 1968)	2	[{"deleted": {"name": "Listing Image", "object": "Image #None for 1968 Shelby Mustang GT500KR Convertible (Ford Mustang Shelby GT500KR (Ford), 1968)"}}, {"deleted": {"name": "Listing Image", "object": "Image #None for 1968 Shelby Mustang GT500KR Convertible (Ford Mustang Shelby GT500KR (Ford), 1968)"}}, {"deleted": {"name": "Listing Image", "object": "Image #None for 1968 Shelby Mustang GT500KR Convertible (Ford Mustang Shelby GT500KR (Ford), 1968)"}}, {"deleted": {"name": "Listing Image", "object": "Image #None for 1968 Shelby Mustang GT500KR Convertible (Ford Mustang Shelby GT500KR (Ford), 1968)"}}, {"deleted": {"name": "Listing Image", "object": "Image #None for 1968 Shelby Mustang GT500KR Convertible (Ford Mustang Shelby GT500KR (Ford), 1968)"}}, {"deleted": {"name": "Listing Image", "object": "Image #None for 1968 Shelby Mustang GT500KR Convertible (Ford Mustang Shelby GT500KR (Ford), 1968)"}}, {"deleted": {"name": "Listing Image", "object": "Image #None for 1968 Shelby Mustang GT500KR Convertible (Ford Mustang Shelby GT500KR (Ford), 1968)"}}]	13	1
192	2025-10-19 19:28:18.480327+00	11	1968 Shelby Mustang GT500KR Convertible (Ford Mustang Shelby GT500KR (Ford), 1968)	2	[{"added": {"name": "Listing Image", "object": "Image #231 for 1968 Shelby Mustang GT500KR Convertible (Ford Mustang Shelby GT500KR (Ford), 1968)"}}, {"added": {"name": "Listing Image", "object": "Image #232 for 1968 Shelby Mustang GT500KR Convertible (Ford Mustang Shelby GT500KR (Ford), 1968)"}}, {"added": {"name": "Listing Image", "object": "Image #233 for 1968 Shelby Mustang GT500KR Convertible (Ford Mustang Shelby GT500KR (Ford), 1968)"}}, {"added": {"name": "Listing Image", "object": "Image #234 for 1968 Shelby Mustang GT500KR Convertible (Ford Mustang Shelby GT500KR (Ford), 1968)"}}, {"added": {"name": "Listing Image", "object": "Image #235 for 1968 Shelby Mustang GT500KR Convertible (Ford Mustang Shelby GT500KR (Ford), 1968)"}}, {"added": {"name": "Listing Image", "object": "Image #236 for 1968 Shelby Mustang GT500KR Convertible (Ford Mustang Shelby GT500KR (Ford), 1968)"}}, {"added": {"name": "Listing Image", "object": "Image #237 for 1968 Shelby Mustang GT500KR Convertible (Ford Mustang Shelby GT500KR (Ford), 1968)"}}, {"added": {"name": "Listing Image", "object": "Image #238 for 1968 Shelby Mustang GT500KR Convertible (Ford Mustang Shelby GT500KR (Ford), 1968)"}}, {"added": {"name": "Listing Image", "object": "Image #239 for 1968 Shelby Mustang GT500KR Convertible (Ford Mustang Shelby GT500KR (Ford), 1968)"}}, {"added": {"name": "Listing Image", "object": "Image #240 for 1968 Shelby Mustang GT500KR Convertible (Ford Mustang Shelby GT500KR (Ford), 1968)"}}]	13	1
193	2025-10-19 19:28:33.272859+00	2	Classic 1952 Jaguar XK120 Roadster (Jaguar XK120 (Jaguar), 1952)	2	[{"deleted": {"name": "Listing Image", "object": "Image #None for Classic 1952 Jaguar XK120 Roadster (Jaguar XK120 (Jaguar), 1952)"}}, {"deleted": {"name": "Listing Image", "object": "Image #None for Classic 1952 Jaguar XK120 Roadster (Jaguar XK120 (Jaguar), 1952)"}}, {"deleted": {"name": "Listing Image", "object": "Image #None for Classic 1952 Jaguar XK120 Roadster (Jaguar XK120 (Jaguar), 1952)"}}, {"deleted": {"name": "Listing Image", "object": "Image #None for Classic 1952 Jaguar XK120 Roadster (Jaguar XK120 (Jaguar), 1952)"}}, {"deleted": {"name": "Listing Image", "object": "Image #None for Classic 1952 Jaguar XK120 Roadster (Jaguar XK120 (Jaguar), 1952)"}}, {"deleted": {"name": "Listing Image", "object": "Image #None for Classic 1952 Jaguar XK120 Roadster (Jaguar XK120 (Jaguar), 1952)"}}, {"deleted": {"name": "Listing Image", "object": "Image #None for Classic 1952 Jaguar XK120 Roadster (Jaguar XK120 (Jaguar), 1952)"}}]	13	1
194	2025-10-19 19:29:06.991837+00	2	Classic 1952 Jaguar XK120 Roadster (Jaguar XK120 (Jaguar), 1952)	2	[{"added": {"name": "Listing Image", "object": "Image #241 for Classic 1952 Jaguar XK120 Roadster (Jaguar XK120 (Jaguar), 1952)"}}, {"added": {"name": "Listing Image", "object": "Image #242 for Classic 1952 Jaguar XK120 Roadster (Jaguar XK120 (Jaguar), 1952)"}}, {"added": {"name": "Listing Image", "object": "Image #243 for Classic 1952 Jaguar XK120 Roadster (Jaguar XK120 (Jaguar), 1952)"}}, {"added": {"name": "Listing Image", "object": "Image #244 for Classic 1952 Jaguar XK120 Roadster (Jaguar XK120 (Jaguar), 1952)"}}, {"added": {"name": "Listing Image", "object": "Image #245 for Classic 1952 Jaguar XK120 Roadster (Jaguar XK120 (Jaguar), 1952)"}}, {"added": {"name": "Listing Image", "object": "Image #246 for Classic 1952 Jaguar XK120 Roadster (Jaguar XK120 (Jaguar), 1952)"}}, {"added": {"name": "Listing Image", "object": "Image #247 for Classic 1952 Jaguar XK120 Roadster (Jaguar XK120 (Jaguar), 1952)"}}, {"added": {"name": "Listing Image", "object": "Image #248 for Classic 1952 Jaguar XK120 Roadster (Jaguar XK120 (Jaguar), 1952)"}}, {"added": {"name": "Listing Image", "object": "Image #249 for Classic 1952 Jaguar XK120 Roadster (Jaguar XK120 (Jaguar), 1952)"}}, {"added": {"name": "Listing Image", "object": "Image #250 for Classic 1952 Jaguar XK120 Roadster (Jaguar XK120 (Jaguar), 1952)"}}]	13	1
195	2025-10-19 19:29:27.462126+00	1	Supercharged 1969 Ford F-100 Pickup (Ford F-100 (Ford), 1969)	2	[{"deleted": {"name": "Listing Image", "object": "Image #None for Supercharged 1969 Ford F-100 Pickup (Ford F-100 (Ford), 1969)"}}, {"deleted": {"name": "Listing Image", "object": "Image #None for Supercharged 1969 Ford F-100 Pickup (Ford F-100 (Ford), 1969)"}}, {"deleted": {"name": "Listing Image", "object": "Image #None for Supercharged 1969 Ford F-100 Pickup (Ford F-100 (Ford), 1969)"}}, {"deleted": {"name": "Listing Image", "object": "Image #None for Supercharged 1969 Ford F-100 Pickup (Ford F-100 (Ford), 1969)"}}, {"deleted": {"name": "Listing Image", "object": "Image #None for Supercharged 1969 Ford F-100 Pickup (Ford F-100 (Ford), 1969)"}}, {"deleted": {"name": "Listing Image", "object": "Image #None for Supercharged 1969 Ford F-100 Pickup (Ford F-100 (Ford), 1969)"}}, {"deleted": {"name": "Listing Image", "object": "Image #None for Supercharged 1969 Ford F-100 Pickup (Ford F-100 (Ford), 1969)"}}]	13	1
196	2025-10-19 19:30:02.501574+00	1	Supercharged 1969 Ford F-100 Pickup (Ford F-100 (Ford), 1969)	2	[{"added": {"name": "Listing Image", "object": "Image #251 for Supercharged 1969 Ford F-100 Pickup (Ford F-100 (Ford), 1969)"}}, {"added": {"name": "Listing Image", "object": "Image #252 for Supercharged 1969 Ford F-100 Pickup (Ford F-100 (Ford), 1969)"}}, {"added": {"name": "Listing Image", "object": "Image #253 for Supercharged 1969 Ford F-100 Pickup (Ford F-100 (Ford), 1969)"}}, {"added": {"name": "Listing Image", "object": "Image #254 for Supercharged 1969 Ford F-100 Pickup (Ford F-100 (Ford), 1969)"}}, {"added": {"name": "Listing Image", "object": "Image #255 for Supercharged 1969 Ford F-100 Pickup (Ford F-100 (Ford), 1969)"}}, {"added": {"name": "Listing Image", "object": "Image #256 for Supercharged 1969 Ford F-100 Pickup (Ford F-100 (Ford), 1969)"}}, {"added": {"name": "Listing Image", "object": "Image #257 for Supercharged 1969 Ford F-100 Pickup (Ford F-100 (Ford), 1969)"}}, {"added": {"name": "Listing Image", "object": "Image #258 for Supercharged 1969 Ford F-100 Pickup (Ford F-100 (Ford), 1969)"}}, {"added": {"name": "Listing Image", "object": "Image #259 for Supercharged 1969 Ford F-100 Pickup (Ford F-100 (Ford), 1969)"}}, {"added": {"name": "Listing Image", "object": "Image #260 for Supercharged 1969 Ford F-100 Pickup (Ford F-100 (Ford), 1969)"}}]	13	1
197	2025-10-19 19:30:37.085962+00	6	1963 Chevrolet Corvette Split-Window Coupe (Chevrolet Corvette (Chevrolet), 1963)	2	[{"deleted": {"name": "Listing Image", "object": "Image #None for 1963 Chevrolet Corvette Split-Window Coupe (Chevrolet Corvette (Chevrolet), 1963)"}}, {"deleted": {"name": "Listing Image", "object": "Image #None for 1963 Chevrolet Corvette Split-Window Coupe (Chevrolet Corvette (Chevrolet), 1963)"}}, {"deleted": {"name": "Listing Image", "object": "Image #None for 1963 Chevrolet Corvette Split-Window Coupe (Chevrolet Corvette (Chevrolet), 1963)"}}, {"deleted": {"name": "Listing Image", "object": "Image #None for 1963 Chevrolet Corvette Split-Window Coupe (Chevrolet Corvette (Chevrolet), 1963)"}}, {"deleted": {"name": "Listing Image", "object": "Image #None for 1963 Chevrolet Corvette Split-Window Coupe (Chevrolet Corvette (Chevrolet), 1963)"}}, {"deleted": {"name": "Listing Image", "object": "Image #None for 1963 Chevrolet Corvette Split-Window Coupe (Chevrolet Corvette (Chevrolet), 1963)"}}, {"deleted": {"name": "Listing Image", "object": "Image #None for 1963 Chevrolet Corvette Split-Window Coupe (Chevrolet Corvette (Chevrolet), 1963)"}}]	13	1
198	2025-10-19 19:31:09.895337+00	6	1963 Chevrolet Corvette Split-Window Coupe (Chevrolet Corvette (Chevrolet), 1963)	2	[{"added": {"name": "Listing Image", "object": "Image #261 for 1963 Chevrolet Corvette Split-Window Coupe (Chevrolet Corvette (Chevrolet), 1963)"}}, {"added": {"name": "Listing Image", "object": "Image #262 for 1963 Chevrolet Corvette Split-Window Coupe (Chevrolet Corvette (Chevrolet), 1963)"}}, {"added": {"name": "Listing Image", "object": "Image #263 for 1963 Chevrolet Corvette Split-Window Coupe (Chevrolet Corvette (Chevrolet), 1963)"}}, {"added": {"name": "Listing Image", "object": "Image #264 for 1963 Chevrolet Corvette Split-Window Coupe (Chevrolet Corvette (Chevrolet), 1963)"}}, {"added": {"name": "Listing Image", "object": "Image #265 for 1963 Chevrolet Corvette Split-Window Coupe (Chevrolet Corvette (Chevrolet), 1963)"}}, {"added": {"name": "Listing Image", "object": "Image #266 for 1963 Chevrolet Corvette Split-Window Coupe (Chevrolet Corvette (Chevrolet), 1963)"}}, {"added": {"name": "Listing Image", "object": "Image #267 for 1963 Chevrolet Corvette Split-Window Coupe (Chevrolet Corvette (Chevrolet), 1963)"}}, {"added": {"name": "Listing Image", "object": "Image #268 for 1963 Chevrolet Corvette Split-Window Coupe (Chevrolet Corvette (Chevrolet), 1963)"}}, {"added": {"name": "Listing Image", "object": "Image #269 for 1963 Chevrolet Corvette Split-Window Coupe (Chevrolet Corvette (Chevrolet), 1963)"}}, {"added": {"name": "Listing Image", "object": "Image #270 for 1963 Chevrolet Corvette Split-Window Coupe (Chevrolet Corvette (Chevrolet), 1963)"}}]	13	1
199	2025-10-19 19:31:25.5746+00	13	1969 Shelby Mustang GT350 Fastback (Ford Shelby Mustang GT350 (Ford), 1969)	2	[{"deleted": {"name": "Listing Image", "object": "Image #None for 1969 Shelby Mustang GT350 Fastback (Ford Shelby Mustang GT350 (Ford), 1969)"}}, {"deleted": {"name": "Listing Image", "object": "Image #None for 1969 Shelby Mustang GT350 Fastback (Ford Shelby Mustang GT350 (Ford), 1969)"}}, {"deleted": {"name": "Listing Image", "object": "Image #None for 1969 Shelby Mustang GT350 Fastback (Ford Shelby Mustang GT350 (Ford), 1969)"}}, {"deleted": {"name": "Listing Image", "object": "Image #None for 1969 Shelby Mustang GT350 Fastback (Ford Shelby Mustang GT350 (Ford), 1969)"}}, {"deleted": {"name": "Listing Image", "object": "Image #None for 1969 Shelby Mustang GT350 Fastback (Ford Shelby Mustang GT350 (Ford), 1969)"}}, {"deleted": {"name": "Listing Image", "object": "Image #None for 1969 Shelby Mustang GT350 Fastback (Ford Shelby Mustang GT350 (Ford), 1969)"}}, {"deleted": {"name": "Listing Image", "object": "Image #None for 1969 Shelby Mustang GT350 Fastback (Ford Shelby Mustang GT350 (Ford), 1969)"}}]	13	1
200	2025-10-19 19:32:06.238484+00	13	1969 Shelby Mustang GT350 Fastback (Ford Shelby Mustang GT350 (Ford), 1969)	2	[{"added": {"name": "Listing Image", "object": "Image #271 for 1969 Shelby Mustang GT350 Fastback (Ford Shelby Mustang GT350 (Ford), 1969)"}}, {"added": {"name": "Listing Image", "object": "Image #272 for 1969 Shelby Mustang GT350 Fastback (Ford Shelby Mustang GT350 (Ford), 1969)"}}, {"added": {"name": "Listing Image", "object": "Image #273 for 1969 Shelby Mustang GT350 Fastback (Ford Shelby Mustang GT350 (Ford), 1969)"}}, {"added": {"name": "Listing Image", "object": "Image #274 for 1969 Shelby Mustang GT350 Fastback (Ford Shelby Mustang GT350 (Ford), 1969)"}}, {"added": {"name": "Listing Image", "object": "Image #275 for 1969 Shelby Mustang GT350 Fastback (Ford Shelby Mustang GT350 (Ford), 1969)"}}, {"added": {"name": "Listing Image", "object": "Image #276 for 1969 Shelby Mustang GT350 Fastback (Ford Shelby Mustang GT350 (Ford), 1969)"}}, {"added": {"name": "Listing Image", "object": "Image #277 for 1969 Shelby Mustang GT350 Fastback (Ford Shelby Mustang GT350 (Ford), 1969)"}}, {"added": {"name": "Listing Image", "object": "Image #278 for 1969 Shelby Mustang GT350 Fastback (Ford Shelby Mustang GT350 (Ford), 1969)"}}, {"added": {"name": "Listing Image", "object": "Image #279 for 1969 Shelby Mustang GT350 Fastback (Ford Shelby Mustang GT350 (Ford), 1969)"}}, {"added": {"name": "Listing Image", "object": "Image #280 for 1969 Shelby Mustang GT350 Fastback (Ford Shelby Mustang GT350 (Ford), 1969)"}}]	13	1
201	2025-10-19 19:32:21.36685+00	16	1970 Dodge Challenger Hemi (Dodge Challenger (Dodge), 1970)	2	[{"deleted": {"name": "Listing Image", "object": "Image #None for 1970 Dodge Challenger Hemi (Dodge Challenger (Dodge), 1970)"}}, {"deleted": {"name": "Listing Image", "object": "Image #None for 1970 Dodge Challenger Hemi (Dodge Challenger (Dodge), 1970)"}}, {"deleted": {"name": "Listing Image", "object": "Image #None for 1970 Dodge Challenger Hemi (Dodge Challenger (Dodge), 1970)"}}, {"deleted": {"name": "Listing Image", "object": "Image #None for 1970 Dodge Challenger Hemi (Dodge Challenger (Dodge), 1970)"}}, {"deleted": {"name": "Listing Image", "object": "Image #None for 1970 Dodge Challenger Hemi (Dodge Challenger (Dodge), 1970)"}}, {"deleted": {"name": "Listing Image", "object": "Image #None for 1970 Dodge Challenger Hemi (Dodge Challenger (Dodge), 1970)"}}, {"deleted": {"name": "Listing Image", "object": "Image #None for 1970 Dodge Challenger Hemi (Dodge Challenger (Dodge), 1970)"}}]	13	1
202	2025-10-19 19:32:50.871218+00	16	1970 Dodge Challenger Hemi (Dodge Challenger (Dodge), 1970)	2	[{"added": {"name": "Listing Image", "object": "Image #281 for 1970 Dodge Challenger Hemi (Dodge Challenger (Dodge), 1970)"}}, {"added": {"name": "Listing Image", "object": "Image #282 for 1970 Dodge Challenger Hemi (Dodge Challenger (Dodge), 1970)"}}, {"added": {"name": "Listing Image", "object": "Image #283 for 1970 Dodge Challenger Hemi (Dodge Challenger (Dodge), 1970)"}}, {"added": {"name": "Listing Image", "object": "Image #284 for 1970 Dodge Challenger Hemi (Dodge Challenger (Dodge), 1970)"}}, {"added": {"name": "Listing Image", "object": "Image #285 for 1970 Dodge Challenger Hemi (Dodge Challenger (Dodge), 1970)"}}, {"added": {"name": "Listing Image", "object": "Image #286 for 1970 Dodge Challenger Hemi (Dodge Challenger (Dodge), 1970)"}}, {"added": {"name": "Listing Image", "object": "Image #287 for 1970 Dodge Challenger Hemi (Dodge Challenger (Dodge), 1970)"}}, {"added": {"name": "Listing Image", "object": "Image #288 for 1970 Dodge Challenger Hemi (Dodge Challenger (Dodge), 1970)"}}, {"added": {"name": "Listing Image", "object": "Image #289 for 1970 Dodge Challenger Hemi (Dodge Challenger (Dodge), 1970)"}}, {"added": {"name": "Listing Image", "object": "Image #290 for 1970 Dodge Challenger Hemi (Dodge Challenger (Dodge), 1970)"}}]	13	1
203	2025-10-19 19:33:26.649923+00	21	1968 Ford Mustang GT500-Style Fastback (Ford Mustang (Ford), 1968)	2	[{"deleted": {"name": "Listing Image", "object": "Image #None for 1968 Ford Mustang GT500-Style Fastback (Ford Mustang (Ford), 1968)"}}, {"deleted": {"name": "Listing Image", "object": "Image #None for 1968 Ford Mustang GT500-Style Fastback (Ford Mustang (Ford), 1968)"}}, {"deleted": {"name": "Listing Image", "object": "Image #None for 1968 Ford Mustang GT500-Style Fastback (Ford Mustang (Ford), 1968)"}}, {"deleted": {"name": "Listing Image", "object": "Image #None for 1968 Ford Mustang GT500-Style Fastback (Ford Mustang (Ford), 1968)"}}, {"deleted": {"name": "Listing Image", "object": "Image #None for 1968 Ford Mustang GT500-Style Fastback (Ford Mustang (Ford), 1968)"}}]	13	1
204	2025-10-19 19:33:57.590138+00	21	1968 Ford Mustang GT500-Style Fastback (Ford Mustang (Ford), 1968)	2	[{"added": {"name": "Listing Image", "object": "Image #291 for 1968 Ford Mustang GT500-Style Fastback (Ford Mustang (Ford), 1968)"}}, {"added": {"name": "Listing Image", "object": "Image #292 for 1968 Ford Mustang GT500-Style Fastback (Ford Mustang (Ford), 1968)"}}, {"added": {"name": "Listing Image", "object": "Image #293 for 1968 Ford Mustang GT500-Style Fastback (Ford Mustang (Ford), 1968)"}}, {"added": {"name": "Listing Image", "object": "Image #294 for 1968 Ford Mustang GT500-Style Fastback (Ford Mustang (Ford), 1968)"}}, {"added": {"name": "Listing Image", "object": "Image #295 for 1968 Ford Mustang GT500-Style Fastback (Ford Mustang (Ford), 1968)"}}, {"added": {"name": "Listing Image", "object": "Image #296 for 1968 Ford Mustang GT500-Style Fastback (Ford Mustang (Ford), 1968)"}}, {"added": {"name": "Listing Image", "object": "Image #297 for 1968 Ford Mustang GT500-Style Fastback (Ford Mustang (Ford), 1968)"}}, {"added": {"name": "Listing Image", "object": "Image #298 for 1968 Ford Mustang GT500-Style Fastback (Ford Mustang (Ford), 1968)"}}, {"added": {"name": "Listing Image", "object": "Image #299 for 1968 Ford Mustang GT500-Style Fastback (Ford Mustang (Ford), 1968)"}}, {"added": {"name": "Listing Image", "object": "Image #300 for 1968 Ford Mustang GT500-Style Fastback (Ford Mustang (Ford), 1968)"}}]	13	1
205	2025-10-19 19:34:10.626173+00	10	1969 Mercedes-Benz 280SE Cabriolet (Mercedes 280SE (Mercedes), 1969)	2	[{"deleted": {"name": "Listing Image", "object": "Image #None for 1969 Mercedes-Benz 280SE Cabriolet (Mercedes 280SE (Mercedes), 1969)"}}, {"deleted": {"name": "Listing Image", "object": "Image #None for 1969 Mercedes-Benz 280SE Cabriolet (Mercedes 280SE (Mercedes), 1969)"}}, {"deleted": {"name": "Listing Image", "object": "Image #None for 1969 Mercedes-Benz 280SE Cabriolet (Mercedes 280SE (Mercedes), 1969)"}}, {"deleted": {"name": "Listing Image", "object": "Image #None for 1969 Mercedes-Benz 280SE Cabriolet (Mercedes 280SE (Mercedes), 1969)"}}, {"deleted": {"name": "Listing Image", "object": "Image #None for 1969 Mercedes-Benz 280SE Cabriolet (Mercedes 280SE (Mercedes), 1969)"}}, {"deleted": {"name": "Listing Image", "object": "Image #None for 1969 Mercedes-Benz 280SE Cabriolet (Mercedes 280SE (Mercedes), 1969)"}}, {"deleted": {"name": "Listing Image", "object": "Image #None for 1969 Mercedes-Benz 280SE Cabriolet (Mercedes 280SE (Mercedes), 1969)"}}]	13	1
206	2025-10-19 19:34:46.16336+00	10	1969 Mercedes-Benz 280SE Cabriolet (Mercedes 280SE (Mercedes), 1969)	2	[{"added": {"name": "Listing Image", "object": "Image #301 for 1969 Mercedes-Benz 280SE Cabriolet (Mercedes 280SE (Mercedes), 1969)"}}, {"added": {"name": "Listing Image", "object": "Image #302 for 1969 Mercedes-Benz 280SE Cabriolet (Mercedes 280SE (Mercedes), 1969)"}}, {"added": {"name": "Listing Image", "object": "Image #303 for 1969 Mercedes-Benz 280SE Cabriolet (Mercedes 280SE (Mercedes), 1969)"}}, {"added": {"name": "Listing Image", "object": "Image #304 for 1969 Mercedes-Benz 280SE Cabriolet (Mercedes 280SE (Mercedes), 1969)"}}, {"added": {"name": "Listing Image", "object": "Image #305 for 1969 Mercedes-Benz 280SE Cabriolet (Mercedes 280SE (Mercedes), 1969)"}}, {"added": {"name": "Listing Image", "object": "Image #306 for 1969 Mercedes-Benz 280SE Cabriolet (Mercedes 280SE (Mercedes), 1969)"}}, {"added": {"name": "Listing Image", "object": "Image #307 for 1969 Mercedes-Benz 280SE Cabriolet (Mercedes 280SE (Mercedes), 1969)"}}, {"added": {"name": "Listing Image", "object": "Image #308 for 1969 Mercedes-Benz 280SE Cabriolet (Mercedes 280SE (Mercedes), 1969)"}}, {"added": {"name": "Listing Image", "object": "Image #309 for 1969 Mercedes-Benz 280SE Cabriolet (Mercedes 280SE (Mercedes), 1969)"}}, {"added": {"name": "Listing Image", "object": "Image #310 for 1969 Mercedes-Benz 280SE Cabriolet (Mercedes 280SE (Mercedes), 1969)"}}]	13	1
207	2025-10-19 19:34:58.960655+00	15	1967 Ford F-100 (Ford F-100 (Ford), 1967)	2	[{"deleted": {"name": "Listing Image", "object": "Image #None for 1967 Ford F-100 (Ford F-100 (Ford), 1967)"}}, {"deleted": {"name": "Listing Image", "object": "Image #None for 1967 Ford F-100 (Ford F-100 (Ford), 1967)"}}, {"deleted": {"name": "Listing Image", "object": "Image #None for 1967 Ford F-100 (Ford F-100 (Ford), 1967)"}}, {"deleted": {"name": "Listing Image", "object": "Image #None for 1967 Ford F-100 (Ford F-100 (Ford), 1967)"}}, {"deleted": {"name": "Listing Image", "object": "Image #None for 1967 Ford F-100 (Ford F-100 (Ford), 1967)"}}, {"deleted": {"name": "Listing Image", "object": "Image #None for 1967 Ford F-100 (Ford F-100 (Ford), 1967)"}}]	13	1
208	2025-10-19 19:35:32.518069+00	15	1967 Ford F-100 (Ford F-100 (Ford), 1967)	2	[{"added": {"name": "Listing Image", "object": "Image #311 for 1967 Ford F-100 (Ford F-100 (Ford), 1967)"}}, {"added": {"name": "Listing Image", "object": "Image #312 for 1967 Ford F-100 (Ford F-100 (Ford), 1967)"}}, {"added": {"name": "Listing Image", "object": "Image #313 for 1967 Ford F-100 (Ford F-100 (Ford), 1967)"}}, {"added": {"name": "Listing Image", "object": "Image #314 for 1967 Ford F-100 (Ford F-100 (Ford), 1967)"}}, {"added": {"name": "Listing Image", "object": "Image #315 for 1967 Ford F-100 (Ford F-100 (Ford), 1967)"}}, {"added": {"name": "Listing Image", "object": "Image #316 for 1967 Ford F-100 (Ford F-100 (Ford), 1967)"}}, {"added": {"name": "Listing Image", "object": "Image #317 for 1967 Ford F-100 (Ford F-100 (Ford), 1967)"}}, {"added": {"name": "Listing Image", "object": "Image #318 for 1967 Ford F-100 (Ford F-100 (Ford), 1967)"}}, {"added": {"name": "Listing Image", "object": "Image #319 for 1967 Ford F-100 (Ford F-100 (Ford), 1967)"}}, {"added": {"name": "Listing Image", "object": "Image #320 for 1967 Ford F-100 (Ford F-100 (Ford), 1967)"}}]	13	1
209	2025-10-19 19:35:45.7071+00	18	1967 Shelby Cobra Mustang GT500 Fastback Tribute (Ford Shelby Cobra Mustang GT500 (Ford), 1967)	2	[{"deleted": {"name": "Listing Image", "object": "Image #None for 1967 Shelby Cobra Mustang GT500 Fastback Tribute (Ford Shelby Cobra Mustang GT500 (Ford), 1967)"}}, {"deleted": {"name": "Listing Image", "object": "Image #None for 1967 Shelby Cobra Mustang GT500 Fastback Tribute (Ford Shelby Cobra Mustang GT500 (Ford), 1967)"}}, {"deleted": {"name": "Listing Image", "object": "Image #None for 1967 Shelby Cobra Mustang GT500 Fastback Tribute (Ford Shelby Cobra Mustang GT500 (Ford), 1967)"}}, {"deleted": {"name": "Listing Image", "object": "Image #None for 1967 Shelby Cobra Mustang GT500 Fastback Tribute (Ford Shelby Cobra Mustang GT500 (Ford), 1967)"}}, {"deleted": {"name": "Listing Image", "object": "Image #None for 1967 Shelby Cobra Mustang GT500 Fastback Tribute (Ford Shelby Cobra Mustang GT500 (Ford), 1967)"}}, {"deleted": {"name": "Listing Image", "object": "Image #None for 1967 Shelby Cobra Mustang GT500 Fastback Tribute (Ford Shelby Cobra Mustang GT500 (Ford), 1967)"}}]	13	1
210	2025-10-19 19:36:18.535944+00	18	1967 Shelby Cobra Mustang GT500 Fastback Tribute (Ford Shelby Cobra Mustang GT500 (Ford), 1967)	2	[{"added": {"name": "Listing Image", "object": "Image #321 for 1967 Shelby Cobra Mustang GT500 Fastback Tribute (Ford Shelby Cobra Mustang GT500 (Ford), 1967)"}}, {"added": {"name": "Listing Image", "object": "Image #322 for 1967 Shelby Cobra Mustang GT500 Fastback Tribute (Ford Shelby Cobra Mustang GT500 (Ford), 1967)"}}, {"added": {"name": "Listing Image", "object": "Image #323 for 1967 Shelby Cobra Mustang GT500 Fastback Tribute (Ford Shelby Cobra Mustang GT500 (Ford), 1967)"}}, {"added": {"name": "Listing Image", "object": "Image #324 for 1967 Shelby Cobra Mustang GT500 Fastback Tribute (Ford Shelby Cobra Mustang GT500 (Ford), 1967)"}}, {"added": {"name": "Listing Image", "object": "Image #325 for 1967 Shelby Cobra Mustang GT500 Fastback Tribute (Ford Shelby Cobra Mustang GT500 (Ford), 1967)"}}, {"added": {"name": "Listing Image", "object": "Image #326 for 1967 Shelby Cobra Mustang GT500 Fastback Tribute (Ford Shelby Cobra Mustang GT500 (Ford), 1967)"}}, {"added": {"name": "Listing Image", "object": "Image #327 for 1967 Shelby Cobra Mustang GT500 Fastback Tribute (Ford Shelby Cobra Mustang GT500 (Ford), 1967)"}}, {"added": {"name": "Listing Image", "object": "Image #328 for 1967 Shelby Cobra Mustang GT500 Fastback Tribute (Ford Shelby Cobra Mustang GT500 (Ford), 1967)"}}, {"added": {"name": "Listing Image", "object": "Image #329 for 1967 Shelby Cobra Mustang GT500 Fastback Tribute (Ford Shelby Cobra Mustang GT500 (Ford), 1967)"}}, {"added": {"name": "Listing Image", "object": "Image #330 for 1967 Shelby Cobra Mustang GT500 Fastback Tribute (Ford Shelby Cobra Mustang GT500 (Ford), 1967)"}}]	13	1
211	2025-10-19 19:36:32.070579+00	7	1969 GMC C1500 Pickup (GMC C1500 (GMC), 1969)	2	[{"deleted": {"name": "Listing Image", "object": "Image #None for 1969 GMC C1500 Pickup (GMC C1500 (GMC), 1969)"}}, {"deleted": {"name": "Listing Image", "object": "Image #None for 1969 GMC C1500 Pickup (GMC C1500 (GMC), 1969)"}}, {"deleted": {"name": "Listing Image", "object": "Image #None for 1969 GMC C1500 Pickup (GMC C1500 (GMC), 1969)"}}, {"deleted": {"name": "Listing Image", "object": "Image #None for 1969 GMC C1500 Pickup (GMC C1500 (GMC), 1969)"}}, {"deleted": {"name": "Listing Image", "object": "Image #None for 1969 GMC C1500 Pickup (GMC C1500 (GMC), 1969)"}}, {"deleted": {"name": "Listing Image", "object": "Image #None for 1969 GMC C1500 Pickup (GMC C1500 (GMC), 1969)"}}, {"deleted": {"name": "Listing Image", "object": "Image #None for 1969 GMC C1500 Pickup (GMC C1500 (GMC), 1969)"}}]	13	1
212	2025-10-19 19:37:04.399203+00	7	1969 GMC C1500 Pickup (GMC C1500 (GMC), 1969)	2	[{"added": {"name": "Listing Image", "object": "Image #331 for 1969 GMC C1500 Pickup (GMC C1500 (GMC), 1969)"}}, {"added": {"name": "Listing Image", "object": "Image #332 for 1969 GMC C1500 Pickup (GMC C1500 (GMC), 1969)"}}, {"added": {"name": "Listing Image", "object": "Image #333 for 1969 GMC C1500 Pickup (GMC C1500 (GMC), 1969)"}}, {"added": {"name": "Listing Image", "object": "Image #334 for 1969 GMC C1500 Pickup (GMC C1500 (GMC), 1969)"}}, {"added": {"name": "Listing Image", "object": "Image #335 for 1969 GMC C1500 Pickup (GMC C1500 (GMC), 1969)"}}, {"added": {"name": "Listing Image", "object": "Image #336 for 1969 GMC C1500 Pickup (GMC C1500 (GMC), 1969)"}}, {"added": {"name": "Listing Image", "object": "Image #337 for 1969 GMC C1500 Pickup (GMC C1500 (GMC), 1969)"}}, {"added": {"name": "Listing Image", "object": "Image #338 for 1969 GMC C1500 Pickup (GMC C1500 (GMC), 1969)"}}, {"added": {"name": "Listing Image", "object": "Image #339 for 1969 GMC C1500 Pickup (GMC C1500 (GMC), 1969)"}}, {"added": {"name": "Listing Image", "object": "Image #340 for 1969 GMC C1500 Pickup (GMC C1500 (GMC), 1969)"}}]	13	1
213	2025-10-19 19:37:19.247903+00	12	1967 Chevrolet Corvette C2 Coupe (Chevrolet Corvette (Chevrolet), 1967)	2	[{"deleted": {"name": "Listing Image", "object": "Image #None for 1967 Chevrolet Corvette C2 Coupe (Chevrolet Corvette (Chevrolet), 1967)"}}, {"deleted": {"name": "Listing Image", "object": "Image #None for 1967 Chevrolet Corvette C2 Coupe (Chevrolet Corvette (Chevrolet), 1967)"}}, {"deleted": {"name": "Listing Image", "object": "Image #None for 1967 Chevrolet Corvette C2 Coupe (Chevrolet Corvette (Chevrolet), 1967)"}}, {"deleted": {"name": "Listing Image", "object": "Image #None for 1967 Chevrolet Corvette C2 Coupe (Chevrolet Corvette (Chevrolet), 1967)"}}, {"deleted": {"name": "Listing Image", "object": "Image #None for 1967 Chevrolet Corvette C2 Coupe (Chevrolet Corvette (Chevrolet), 1967)"}}, {"deleted": {"name": "Listing Image", "object": "Image #None for 1967 Chevrolet Corvette C2 Coupe (Chevrolet Corvette (Chevrolet), 1967)"}}, {"deleted": {"name": "Listing Image", "object": "Image #None for 1967 Chevrolet Corvette C2 Coupe (Chevrolet Corvette (Chevrolet), 1967)"}}]	13	1
214	2025-10-19 19:38:30.974756+00	12	1967 Chevrolet Corvette C2 Coupe (Chevrolet Corvette (Chevrolet), 1967)	2	[{"added": {"name": "Listing Image", "object": "Image #341 for 1967 Chevrolet Corvette C2 Coupe (Chevrolet Corvette (Chevrolet), 1967)"}}, {"added": {"name": "Listing Image", "object": "Image #342 for 1967 Chevrolet Corvette C2 Coupe (Chevrolet Corvette (Chevrolet), 1967)"}}, {"added": {"name": "Listing Image", "object": "Image #343 for 1967 Chevrolet Corvette C2 Coupe (Chevrolet Corvette (Chevrolet), 1967)"}}, {"added": {"name": "Listing Image", "object": "Image #344 for 1967 Chevrolet Corvette C2 Coupe (Chevrolet Corvette (Chevrolet), 1967)"}}, {"added": {"name": "Listing Image", "object": "Image #345 for 1967 Chevrolet Corvette C2 Coupe (Chevrolet Corvette (Chevrolet), 1967)"}}, {"added": {"name": "Listing Image", "object": "Image #346 for 1967 Chevrolet Corvette C2 Coupe (Chevrolet Corvette (Chevrolet), 1967)"}}, {"added": {"name": "Listing Image", "object": "Image #347 for 1967 Chevrolet Corvette C2 Coupe (Chevrolet Corvette (Chevrolet), 1967)"}}, {"added": {"name": "Listing Image", "object": "Image #348 for 1967 Chevrolet Corvette C2 Coupe (Chevrolet Corvette (Chevrolet), 1967)"}}, {"added": {"name": "Listing Image", "object": "Image #349 for 1967 Chevrolet Corvette C2 Coupe (Chevrolet Corvette (Chevrolet), 1967)"}}, {"added": {"name": "Listing Image", "object": "Image #350 for 1967 Chevrolet Corvette C2 Coupe (Chevrolet Corvette (Chevrolet), 1967)"}}]	13	1
215	2025-10-19 19:38:43.866999+00	14	1956 Chevrolet Bel Air Nomad (Chevrolet Bel Air Nomad (Chevrolet), 1956)	2	[{"deleted": {"name": "Listing Image", "object": "Image #None for 1956 Chevrolet Bel Air Nomad (Chevrolet Bel Air Nomad (Chevrolet), 1956)"}}, {"deleted": {"name": "Listing Image", "object": "Image #None for 1956 Chevrolet Bel Air Nomad (Chevrolet Bel Air Nomad (Chevrolet), 1956)"}}, {"deleted": {"name": "Listing Image", "object": "Image #None for 1956 Chevrolet Bel Air Nomad (Chevrolet Bel Air Nomad (Chevrolet), 1956)"}}, {"deleted": {"name": "Listing Image", "object": "Image #None for 1956 Chevrolet Bel Air Nomad (Chevrolet Bel Air Nomad (Chevrolet), 1956)"}}, {"deleted": {"name": "Listing Image", "object": "Image #None for 1956 Chevrolet Bel Air Nomad (Chevrolet Bel Air Nomad (Chevrolet), 1956)"}}, {"deleted": {"name": "Listing Image", "object": "Image #None for 1956 Chevrolet Bel Air Nomad (Chevrolet Bel Air Nomad (Chevrolet), 1956)"}}, {"deleted": {"name": "Listing Image", "object": "Image #None for 1956 Chevrolet Bel Air Nomad (Chevrolet Bel Air Nomad (Chevrolet), 1956)"}}]	13	1
216	2025-10-19 19:39:14.173066+00	14	1956 Chevrolet Bel Air Nomad (Chevrolet Bel Air Nomad (Chevrolet), 1956)	2	[{"added": {"name": "Listing Image", "object": "Image #351 for 1956 Chevrolet Bel Air Nomad (Chevrolet Bel Air Nomad (Chevrolet), 1956)"}}, {"added": {"name": "Listing Image", "object": "Image #352 for 1956 Chevrolet Bel Air Nomad (Chevrolet Bel Air Nomad (Chevrolet), 1956)"}}, {"added": {"name": "Listing Image", "object": "Image #353 for 1956 Chevrolet Bel Air Nomad (Chevrolet Bel Air Nomad (Chevrolet), 1956)"}}, {"added": {"name": "Listing Image", "object": "Image #354 for 1956 Chevrolet Bel Air Nomad (Chevrolet Bel Air Nomad (Chevrolet), 1956)"}}, {"added": {"name": "Listing Image", "object": "Image #355 for 1956 Chevrolet Bel Air Nomad (Chevrolet Bel Air Nomad (Chevrolet), 1956)"}}, {"added": {"name": "Listing Image", "object": "Image #356 for 1956 Chevrolet Bel Air Nomad (Chevrolet Bel Air Nomad (Chevrolet), 1956)"}}, {"added": {"name": "Listing Image", "object": "Image #357 for 1956 Chevrolet Bel Air Nomad (Chevrolet Bel Air Nomad (Chevrolet), 1956)"}}, {"added": {"name": "Listing Image", "object": "Image #358 for 1956 Chevrolet Bel Air Nomad (Chevrolet Bel Air Nomad (Chevrolet), 1956)"}}, {"added": {"name": "Listing Image", "object": "Image #359 for 1956 Chevrolet Bel Air Nomad (Chevrolet Bel Air Nomad (Chevrolet), 1956)"}}, {"added": {"name": "Listing Image", "object": "Image #360 for 1956 Chevrolet Bel Air Nomad (Chevrolet Bel Air Nomad (Chevrolet), 1956)"}}]	13	1
217	2025-10-19 19:39:27.360622+00	17	1958 Chevrolet Bel Air (Chevrolet Bel Air (Chevrolet), 1958)	2	[{"deleted": {"name": "Listing Image", "object": "Image #None for 1958 Chevrolet Bel Air (Chevrolet Bel Air (Chevrolet), 1958)"}}, {"deleted": {"name": "Listing Image", "object": "Image #None for 1958 Chevrolet Bel Air (Chevrolet Bel Air (Chevrolet), 1958)"}}, {"deleted": {"name": "Listing Image", "object": "Image #None for 1958 Chevrolet Bel Air (Chevrolet Bel Air (Chevrolet), 1958)"}}, {"deleted": {"name": "Listing Image", "object": "Image #None for 1958 Chevrolet Bel Air (Chevrolet Bel Air (Chevrolet), 1958)"}}, {"deleted": {"name": "Listing Image", "object": "Image #None for 1958 Chevrolet Bel Air (Chevrolet Bel Air (Chevrolet), 1958)"}}, {"deleted": {"name": "Listing Image", "object": "Image #None for 1958 Chevrolet Bel Air (Chevrolet Bel Air (Chevrolet), 1958)"}}, {"deleted": {"name": "Listing Image", "object": "Image #None for 1958 Chevrolet Bel Air (Chevrolet Bel Air (Chevrolet), 1958)"}}]	13	1
218	2025-10-19 19:39:56.631872+00	17	1958 Chevrolet Bel Air (Chevrolet Bel Air (Chevrolet), 1958)	2	[{"added": {"name": "Listing Image", "object": "Image #361 for 1958 Chevrolet Bel Air (Chevrolet Bel Air (Chevrolet), 1958)"}}, {"added": {"name": "Listing Image", "object": "Image #362 for 1958 Chevrolet Bel Air (Chevrolet Bel Air (Chevrolet), 1958)"}}, {"added": {"name": "Listing Image", "object": "Image #363 for 1958 Chevrolet Bel Air (Chevrolet Bel Air (Chevrolet), 1958)"}}, {"added": {"name": "Listing Image", "object": "Image #364 for 1958 Chevrolet Bel Air (Chevrolet Bel Air (Chevrolet), 1958)"}}, {"added": {"name": "Listing Image", "object": "Image #365 for 1958 Chevrolet Bel Air (Chevrolet Bel Air (Chevrolet), 1958)"}}, {"added": {"name": "Listing Image", "object": "Image #366 for 1958 Chevrolet Bel Air (Chevrolet Bel Air (Chevrolet), 1958)"}}, {"added": {"name": "Listing Image", "object": "Image #367 for 1958 Chevrolet Bel Air (Chevrolet Bel Air (Chevrolet), 1958)"}}, {"added": {"name": "Listing Image", "object": "Image #368 for 1958 Chevrolet Bel Air (Chevrolet Bel Air (Chevrolet), 1958)"}}, {"added": {"name": "Listing Image", "object": "Image #369 for 1958 Chevrolet Bel Air (Chevrolet Bel Air (Chevrolet), 1958)"}}, {"added": {"name": "Listing Image", "object": "Image #370 for 1958 Chevrolet Bel Air (Chevrolet Bel Air (Chevrolet), 1958)"}}]	13	1
219	2025-10-20 13:58:36.679876+00	3	Inquiry by Nishant Sharma	2	[{"changed": {"fields": ["Status"]}}]	16	2
220	2025-10-22 19:34:48.955711+00	6	Inquiry by Matthew for 1967 Ford F-100 (Ford F-100 (Ford), 1967)	2	[{"changed": {"fields": ["Status"]}}]	16	2
221	2025-10-22 19:35:09.295575+00	6	Inquiry by Matthew for 1967 Ford F-100 (Ford F-100 (Ford), 1967)	2	[{"changed": {"fields": ["Status"]}}]	16	2
222	2025-10-24 19:32:15.426842+00	6	Inquiry by Matthew for 1967 Ford F-100 (Ford F-100 (Ford), 1967)	2	[{"added": {"name": "Comment", "object": "hgijdkhf"}}, {"added": {"name": "Comment", "object": "efkfekfj"}}]	16	2
\.


--
-- Data for Name: django_content_type; Type: TABLE DATA; Schema: public; Owner: myuser
--

COPY public.django_content_type (id, app_label, model) FROM stdin;
1	admin	logentry
2	auth	permission
3	auth	group
4	auth	user
5	contenttypes	contenttype
6	sessions	session
7	api	color
8	api	condition
9	api	fueltype
10	api	make
11	api	status
12	api	transmission
13	api	carslisting
14	api	listingimage
15	api	modelname
16	api	inquiry
17	api	cartype
18	api	drivetype
19	api	feature
20	api	safetyfeature
21	authtoken	token
22	authtoken	tokenproxy
23	api	inquirycomments
\.


--
-- Data for Name: django_migrations; Type: TABLE DATA; Schema: public; Owner: myuser
--

COPY public.django_migrations (id, app, name, applied) FROM stdin;
1	contenttypes	0001_initial	2025-10-13 12:15:42.643683+00
2	auth	0001_initial	2025-10-13 12:15:42.674417+00
3	admin	0001_initial	2025-10-13 12:15:42.684531+00
4	admin	0002_logentry_remove_auto_add	2025-10-13 12:15:42.687681+00
5	admin	0003_logentry_add_action_flag_choices	2025-10-13 12:15:42.690986+00
6	api	0001_initial	2025-10-13 12:15:42.746863+00
7	api	0002_alter_inquiry_options_alter_status_options_and_more	2025-10-13 12:15:42.756184+00
8	api	0003_cartype_drivetype_feature_safetyfeature_and_more	2025-10-13 12:15:42.808695+00
9	api	0004_alter_inquiry_phone_alter_make_name_and_more	2025-10-13 12:15:42.822335+00
10	api	0005_alter_modelname_unique_together_and_more	2025-10-13 12:15:42.830165+00
11	api	0006_alter_feature_options_alter_safetyfeature_options_and_more	2025-10-13 12:15:42.893746+00
12	contenttypes	0002_remove_content_type_name	2025-10-13 12:15:42.905611+00
13	auth	0002_alter_permission_name_max_length	2025-10-13 12:15:42.909507+00
14	auth	0003_alter_user_email_max_length	2025-10-13 12:15:42.91318+00
15	auth	0004_alter_user_username_opts	2025-10-13 12:15:42.917397+00
16	auth	0005_alter_user_last_login_null	2025-10-13 12:15:42.920997+00
17	auth	0006_require_contenttypes_0002	2025-10-13 12:15:42.921595+00
18	auth	0007_alter_validators_add_error_messages	2025-10-13 12:15:42.924875+00
19	auth	0008_alter_user_username_max_length	2025-10-13 12:15:42.930097+00
20	auth	0009_alter_user_last_name_max_length	2025-10-13 12:15:42.93387+00
21	auth	0010_alter_group_name_max_length	2025-10-13 12:15:42.93802+00
22	auth	0011_update_proxy_permissions	2025-10-13 12:15:42.944767+00
23	auth	0012_alter_user_first_name_max_length	2025-10-13 12:15:42.948456+00
24	authtoken	0001_initial	2025-10-13 12:15:42.973386+00
25	authtoken	0002_auto_20160226_1747	2025-10-13 12:15:42.984518+00
26	authtoken	0003_tokenproxy	2025-10-13 12:15:42.985628+00
27	authtoken	0004_alter_tokenproxy_options	2025-10-13 12:15:42.987709+00
28	sessions	0001_initial	2025-10-13 12:15:42.99395+00
29	api	0007_inquirycomments	2025-10-19 12:19:01.255463+00
30	api	0008_remove_inquirycomments_listing_and_more	2025-10-19 12:19:01.275067+00
\.


--
-- Data for Name: django_session; Type: TABLE DATA; Schema: public; Owner: myuser
--

COPY public.django_session (session_key, session_data, expire_date) FROM stdin;
6gv91m3oauhyydor4fzzysocte45k0x8	.eJxVjMsOwiAQAP-FsyHy2oJH734DWXZBqoYmpT0Z_92Q9KDXmcm8RcR9q3HveY0zi4vQ4vTLEtIztyH4ge2-SFrats5JjkQetsvbwvl1Pdq_QcVexxa8JrSYPGvOiMo7wzoXm87FlMlaYgwUwPgUYDLEDhCdUuBssQ5IfL79gzg1:1v8TBo:JvsxnAuH3B7EPOP-rd_HIsv6wjB3rR6p-L2r978-sig	2025-10-28 00:46:56.868176+00
vllb48bvj8dxuwkdnm0mlfh5k9719bht	.eJxVjMsOwiAQAP-FsyHy2oJH734DWXZBqoYmpT0Z_92Q9KDXmcm8RcR9q3HveY0zi4vQ4vTLEtIztyH4ge2-SFrats5JjkQetsvbwvl1Pdq_QcVexxa8JrSYPGvOiMo7wzoXm87FlMlaYgwUwPgUYDLEDhCdUuBssQ5IfL79gzg1:1v8lSO:gJNz6-neFP63sQ6G_m95_pNPzUXFc3zqepz0pNRnnms	2025-10-28 20:17:16.102638+00
oymsewfey006b0t6djb1c5938xw75h77	.eJxVjMsOwiAUBf-FtSFAKUWX7vsN5HIfUjU0Ke3K-O_apAvdnpk5L5VgW0vaGi9pInVRVp1-twz44LoDukO9zRrnui5T1ruiD9r0OBM_r4f7d1CglW_decmxRyMxI8UhkwvgyRpGEINgh9DbcwwENhAbK4IuogueO5IcjFfvDwavOLQ:1v8o8X:J1hCkIdc8xIbjsuQ8nY9pt190jwxnU1wqTnnxOHpvu0	2025-10-28 23:08:57.148861+00
u3o0f27hy3l8uwfov8uexrudw84a42ze	.eJxVjMsOwiAQAP-FsyHy2oJH734DWXZBqoYmpT0Z_92Q9KDXmcm8RcR9q3HveY0zi4vQ4vTLEtIztyH4ge2-SFrats5JjkQetsvbwvl1Pdq_QcVexxa8JrSYPGvOiMo7wzoXm87FlMlaYgwUwPgUYDLEDhCdUuBssQ5IfL79gzg1:1vASPC:tik6MgpNe3IN9n7NcvdmIRWAoXiC1b94w7NEcgimH28	2025-11-02 12:20:58.89331+00
xwbyl7otgtxxv5shyf84fhl55dsvp885	.eJxVjMsOwiAQAP-FsyHy2oJH734DWXZBqoYmpT0Z_92Q9KDXmcm8RcR9q3HveY0zi4vQ4vTLEtIztyH4ge2-SFrats5JjkQetsvbwvl1Pdq_QcVexxa8JrSYPGvOiMo7wzoXm87FlMlaYgwUwPgUYDLEDhCdUuBssQ5IfL79gzg1:1vAWKw:dX9POV-nNvTjw_-V-7x1_SvrMCbz1chU1dhKCecEBBo	2025-11-02 16:32:50.403169+00
7b4ryxtkmfdg5mq931zq984wsjnmjlnl	.eJxVjMsOwiAUBf-FtSFAKUWX7vsN5HIfUjU0Ke3K-O_apAvdnpk5L5VgW0vaGi9pInVRVp1-twz44LoDukO9zRrnui5T1ruiD9r0OBM_r4f7d1CglW_decmxRyMxI8UhkwvgyRpGEINgh9DbcwwENhAbK4IuogueO5IcjFfvDwavOLQ:1vAXGC:EZFVpyFyanHnBQQwo44yZEnFDrWvp7WbRmL7r9A9eMc	2025-11-02 17:32:00.497355+00
oquhg6gb4id9bl3ilbz8mex69eom68fv	.eJxVjMsOwiAQAP-FsyHy2oJH734DWXZBqoYmpT0Z_92Q9KDXmcm8RcR9q3HveY0zi4vQ4vTLEtIztyH4ge2-SFrats5JjkQetsvbwvl1Pdq_QcVexxa8JrSYPGvOiMo7wzoXm87FlMlaYgwUwPgUYDLEDhCdUuBssQ5IfL79gzg1:1vAbac:WMM9B4X1QVCsW4qZDdLGzJ1ktLHm2MTv4zrrxlQ0co8	2025-11-02 22:09:22.200016+00
ydfpwxb90m9gnolyhpg71ae29b88eb2r	.eJxVjMsOwiAQAP-FsyHy2oJH734DWXZBqoYmpT0Z_92Q9KDXmcm8RcR9q3HveY0zi4vQ4vTLEtIztyH4ge2-SFrats5JjkQetsvbwvl1Pdq_QcVexxa8JrSYPGvOiMo7wzoXm87FlMlaYgwUwPgUYDLEDhCdUuBssQ5IfL79gzg1:1vBeRp:TNVyR8suYYV3da1HTTlvHVMP_GivVpqvceWqS_FyfVM	2025-11-05 19:24:37.08009+00
4m2gn2yzw221bmlgtuf3bf68tm5cxbtc	.eJxVjMsOwiAUBf-FtSFAKUWX7vsN5HIfUjU0Ke3K-O_apAvdnpk5L5VgW0vaGi9pInVRVp1-twz44LoDukO9zRrnui5T1ruiD9r0OBM_r4f7d1CglW_decmxRyMxI8UhkwvgyRpGEINgh9DbcwwENhAbK4IuogueO5IcjFfvDwavOLQ:1vBy55:KTzqULC37-vHLuWNjxz8LKSx9TI8DUTDgyC3A0agw4s	2025-11-06 16:22:27.095587+00
kl2ewf2pdqx1vwjhob9rkttgomuzzk61	.eJxVjMsOwiAQAP-FsyHy2oJH734DWXZBqoYmpT0Z_92Q9KDXmcm8RcR9q3HveY0zi4vQ4vTLEtIztyH4ge2-SFrats5JjkQetsvbwvl1Pdq_QcVexxa8JrSYPGvOiMo7wzoXm87FlMlaYgwUwPgUYDLEDhCdUuBssQ5IfL79gzg1:1vCSGv:jTfVdKdmWdx8-MWmoLyJHEiAugUb7ThGpYXWN-zRvNE	2025-11-08 00:36:41.693713+00
\.


--
-- Name: api_carslisting_features_id_seq; Type: SEQUENCE SET; Schema: public; Owner: myuser
--

SELECT pg_catalog.setval('public.api_carslisting_features_id_seq', 45, true);


--
-- Name: api_carslisting_id_seq; Type: SEQUENCE SET; Schema: public; Owner: myuser
--

SELECT pg_catalog.setval('public.api_carslisting_id_seq', 22, true);


--
-- Name: api_carslisting_safety_features_id_seq; Type: SEQUENCE SET; Schema: public; Owner: myuser
--

SELECT pg_catalog.setval('public.api_carslisting_safety_features_id_seq', 1, false);


--
-- Name: api_cartype_id_seq; Type: SEQUENCE SET; Schema: public; Owner: myuser
--

SELECT pg_catalog.setval('public.api_cartype_id_seq', 9, true);


--
-- Name: api_color_id_seq; Type: SEQUENCE SET; Schema: public; Owner: myuser
--

SELECT pg_catalog.setval('public.api_color_id_seq', 17, true);


--
-- Name: api_condition_id_seq; Type: SEQUENCE SET; Schema: public; Owner: myuser
--

SELECT pg_catalog.setval('public.api_condition_id_seq', 2, true);


--
-- Name: api_drivetype_id_seq; Type: SEQUENCE SET; Schema: public; Owner: myuser
--

SELECT pg_catalog.setval('public.api_drivetype_id_seq', 1, true);


--
-- Name: api_feature_id_seq; Type: SEQUENCE SET; Schema: public; Owner: myuser
--

SELECT pg_catalog.setval('public.api_feature_id_seq', 16, true);


--
-- Name: api_fueltype_id_seq; Type: SEQUENCE SET; Schema: public; Owner: myuser
--

SELECT pg_catalog.setval('public.api_fueltype_id_seq', 1, true);


--
-- Name: api_inquiry_id_seq; Type: SEQUENCE SET; Schema: public; Owner: myuser
--

SELECT pg_catalog.setval('public.api_inquiry_id_seq', 6, true);


--
-- Name: api_inquirycomments_id_seq; Type: SEQUENCE SET; Schema: public; Owner: myuser
--

SELECT pg_catalog.setval('public.api_inquirycomments_id_seq', 5, true);


--
-- Name: api_listingimage_id_seq; Type: SEQUENCE SET; Schema: public; Owner: myuser
--

SELECT pg_catalog.setval('public.api_listingimage_id_seq', 370, true);


--
-- Name: api_make_id_seq; Type: SEQUENCE SET; Schema: public; Owner: myuser
--

SELECT pg_catalog.setval('public.api_make_id_seq', 7, true);


--
-- Name: api_modelname_id_seq; Type: SEQUENCE SET; Schema: public; Owner: myuser
--

SELECT pg_catalog.setval('public.api_modelname_id_seq', 17, true);


--
-- Name: api_safetyfeature_id_seq; Type: SEQUENCE SET; Schema: public; Owner: myuser
--

SELECT pg_catalog.setval('public.api_safetyfeature_id_seq', 1, false);


--
-- Name: api_status_id_seq; Type: SEQUENCE SET; Schema: public; Owner: myuser
--

SELECT pg_catalog.setval('public.api_status_id_seq', 6, true);


--
-- Name: api_transmission_id_seq; Type: SEQUENCE SET; Schema: public; Owner: myuser
--

SELECT pg_catalog.setval('public.api_transmission_id_seq', 2, true);


--
-- Name: auth_group_id_seq; Type: SEQUENCE SET; Schema: public; Owner: myuser
--

SELECT pg_catalog.setval('public.auth_group_id_seq', 1, true);


--
-- Name: auth_group_permissions_id_seq; Type: SEQUENCE SET; Schema: public; Owner: myuser
--

SELECT pg_catalog.setval('public.auth_group_permissions_id_seq', 7, true);


--
-- Name: auth_permission_id_seq; Type: SEQUENCE SET; Schema: public; Owner: myuser
--

SELECT pg_catalog.setval('public.auth_permission_id_seq', 92, true);


--
-- Name: auth_user_groups_id_seq; Type: SEQUENCE SET; Schema: public; Owner: myuser
--

SELECT pg_catalog.setval('public.auth_user_groups_id_seq', 1, true);


--
-- Name: auth_user_id_seq; Type: SEQUENCE SET; Schema: public; Owner: myuser
--

SELECT pg_catalog.setval('public.auth_user_id_seq', 2, true);


--
-- Name: auth_user_user_permissions_id_seq; Type: SEQUENCE SET; Schema: public; Owner: myuser
--

SELECT pg_catalog.setval('public.auth_user_user_permissions_id_seq', 1, false);


--
-- Name: django_admin_log_id_seq; Type: SEQUENCE SET; Schema: public; Owner: myuser
--

SELECT pg_catalog.setval('public.django_admin_log_id_seq', 222, true);


--
-- Name: django_content_type_id_seq; Type: SEQUENCE SET; Schema: public; Owner: myuser
--

SELECT pg_catalog.setval('public.django_content_type_id_seq', 23, true);


--
-- Name: django_migrations_id_seq; Type: SEQUENCE SET; Schema: public; Owner: myuser
--

SELECT pg_catalog.setval('public.django_migrations_id_seq', 30, true);


--
-- Name: api_carslisting_features api_carslisting_features_carslisting_id_feature_i_0a761e0a_uniq; Type: CONSTRAINT; Schema: public; Owner: myuser
--

ALTER TABLE ONLY public.api_carslisting_features
    ADD CONSTRAINT api_carslisting_features_carslisting_id_feature_i_0a761e0a_uniq UNIQUE (carslisting_id, feature_id);


--
-- Name: api_carslisting_features api_carslisting_features_pkey; Type: CONSTRAINT; Schema: public; Owner: myuser
--

ALTER TABLE ONLY public.api_carslisting_features
    ADD CONSTRAINT api_carslisting_features_pkey PRIMARY KEY (id);


--
-- Name: api_carslisting api_carslisting_pkey; Type: CONSTRAINT; Schema: public; Owner: myuser
--

ALTER TABLE ONLY public.api_carslisting
    ADD CONSTRAINT api_carslisting_pkey PRIMARY KEY (id);


--
-- Name: api_carslisting_safety_features api_carslisting_safety_f_carslisting_id_safetyfea_ca562b04_uniq; Type: CONSTRAINT; Schema: public; Owner: myuser
--

ALTER TABLE ONLY public.api_carslisting_safety_features
    ADD CONSTRAINT api_carslisting_safety_f_carslisting_id_safetyfea_ca562b04_uniq UNIQUE (carslisting_id, safetyfeature_id);


--
-- Name: api_carslisting_safety_features api_carslisting_safety_features_pkey; Type: CONSTRAINT; Schema: public; Owner: myuser
--

ALTER TABLE ONLY public.api_carslisting_safety_features
    ADD CONSTRAINT api_carslisting_safety_features_pkey PRIMARY KEY (id);


--
-- Name: api_carslisting api_carslisting_vin_key; Type: CONSTRAINT; Schema: public; Owner: myuser
--

ALTER TABLE ONLY public.api_carslisting
    ADD CONSTRAINT api_carslisting_vin_key UNIQUE (vin);


--
-- Name: api_cartype api_cartype_pkey; Type: CONSTRAINT; Schema: public; Owner: myuser
--

ALTER TABLE ONLY public.api_cartype
    ADD CONSTRAINT api_cartype_pkey PRIMARY KEY (id);


--
-- Name: api_color api_color_pkey; Type: CONSTRAINT; Schema: public; Owner: myuser
--

ALTER TABLE ONLY public.api_color
    ADD CONSTRAINT api_color_pkey PRIMARY KEY (id);


--
-- Name: api_condition api_condition_pkey; Type: CONSTRAINT; Schema: public; Owner: myuser
--

ALTER TABLE ONLY public.api_condition
    ADD CONSTRAINT api_condition_pkey PRIMARY KEY (id);


--
-- Name: api_drivetype api_drivetype_pkey; Type: CONSTRAINT; Schema: public; Owner: myuser
--

ALTER TABLE ONLY public.api_drivetype
    ADD CONSTRAINT api_drivetype_pkey PRIMARY KEY (id);


--
-- Name: api_feature api_feature_pkey; Type: CONSTRAINT; Schema: public; Owner: myuser
--

ALTER TABLE ONLY public.api_feature
    ADD CONSTRAINT api_feature_pkey PRIMARY KEY (id);


--
-- Name: api_fueltype api_fueltype_pkey; Type: CONSTRAINT; Schema: public; Owner: myuser
--

ALTER TABLE ONLY public.api_fueltype
    ADD CONSTRAINT api_fueltype_pkey PRIMARY KEY (id);


--
-- Name: api_inquiry api_inquiry_pkey; Type: CONSTRAINT; Schema: public; Owner: myuser
--

ALTER TABLE ONLY public.api_inquiry
    ADD CONSTRAINT api_inquiry_pkey PRIMARY KEY (id);


--
-- Name: api_inquirycomments api_inquirycomments_pkey; Type: CONSTRAINT; Schema: public; Owner: myuser
--

ALTER TABLE ONLY public.api_inquirycomments
    ADD CONSTRAINT api_inquirycomments_pkey PRIMARY KEY (id);


--
-- Name: api_listingimage api_listingimage_pkey; Type: CONSTRAINT; Schema: public; Owner: myuser
--

ALTER TABLE ONLY public.api_listingimage
    ADD CONSTRAINT api_listingimage_pkey PRIMARY KEY (id);


--
-- Name: api_make api_make_pkey; Type: CONSTRAINT; Schema: public; Owner: myuser
--

ALTER TABLE ONLY public.api_make
    ADD CONSTRAINT api_make_pkey PRIMARY KEY (id);


--
-- Name: api_modelname api_modelname_pkey; Type: CONSTRAINT; Schema: public; Owner: myuser
--

ALTER TABLE ONLY public.api_modelname
    ADD CONSTRAINT api_modelname_pkey PRIMARY KEY (id);


--
-- Name: api_safetyfeature api_safetyfeature_pkey; Type: CONSTRAINT; Schema: public; Owner: myuser
--

ALTER TABLE ONLY public.api_safetyfeature
    ADD CONSTRAINT api_safetyfeature_pkey PRIMARY KEY (id);


--
-- Name: api_status api_status_pkey; Type: CONSTRAINT; Schema: public; Owner: myuser
--

ALTER TABLE ONLY public.api_status
    ADD CONSTRAINT api_status_pkey PRIMARY KEY (id);


--
-- Name: api_transmission api_transmission_pkey; Type: CONSTRAINT; Schema: public; Owner: myuser
--

ALTER TABLE ONLY public.api_transmission
    ADD CONSTRAINT api_transmission_pkey PRIMARY KEY (id);


--
-- Name: auth_group auth_group_name_key; Type: CONSTRAINT; Schema: public; Owner: myuser
--

ALTER TABLE ONLY public.auth_group
    ADD CONSTRAINT auth_group_name_key UNIQUE (name);


--
-- Name: auth_group_permissions auth_group_permissions_group_id_permission_id_0cd325b0_uniq; Type: CONSTRAINT; Schema: public; Owner: myuser
--

ALTER TABLE ONLY public.auth_group_permissions
    ADD CONSTRAINT auth_group_permissions_group_id_permission_id_0cd325b0_uniq UNIQUE (group_id, permission_id);


--
-- Name: auth_group_permissions auth_group_permissions_pkey; Type: CONSTRAINT; Schema: public; Owner: myuser
--

ALTER TABLE ONLY public.auth_group_permissions
    ADD CONSTRAINT auth_group_permissions_pkey PRIMARY KEY (id);


--
-- Name: auth_group auth_group_pkey; Type: CONSTRAINT; Schema: public; Owner: myuser
--

ALTER TABLE ONLY public.auth_group
    ADD CONSTRAINT auth_group_pkey PRIMARY KEY (id);


--
-- Name: auth_permission auth_permission_content_type_id_codename_01ab375a_uniq; Type: CONSTRAINT; Schema: public; Owner: myuser
--

ALTER TABLE ONLY public.auth_permission
    ADD CONSTRAINT auth_permission_content_type_id_codename_01ab375a_uniq UNIQUE (content_type_id, codename);


--
-- Name: auth_permission auth_permission_pkey; Type: CONSTRAINT; Schema: public; Owner: myuser
--

ALTER TABLE ONLY public.auth_permission
    ADD CONSTRAINT auth_permission_pkey PRIMARY KEY (id);


--
-- Name: auth_user_groups auth_user_groups_pkey; Type: CONSTRAINT; Schema: public; Owner: myuser
--

ALTER TABLE ONLY public.auth_user_groups
    ADD CONSTRAINT auth_user_groups_pkey PRIMARY KEY (id);


--
-- Name: auth_user_groups auth_user_groups_user_id_group_id_94350c0c_uniq; Type: CONSTRAINT; Schema: public; Owner: myuser
--

ALTER TABLE ONLY public.auth_user_groups
    ADD CONSTRAINT auth_user_groups_user_id_group_id_94350c0c_uniq UNIQUE (user_id, group_id);


--
-- Name: auth_user auth_user_pkey; Type: CONSTRAINT; Schema: public; Owner: myuser
--

ALTER TABLE ONLY public.auth_user
    ADD CONSTRAINT auth_user_pkey PRIMARY KEY (id);


--
-- Name: auth_user_user_permissions auth_user_user_permissions_pkey; Type: CONSTRAINT; Schema: public; Owner: myuser
--

ALTER TABLE ONLY public.auth_user_user_permissions
    ADD CONSTRAINT auth_user_user_permissions_pkey PRIMARY KEY (id);


--
-- Name: auth_user_user_permissions auth_user_user_permissions_user_id_permission_id_14a6b632_uniq; Type: CONSTRAINT; Schema: public; Owner: myuser
--

ALTER TABLE ONLY public.auth_user_user_permissions
    ADD CONSTRAINT auth_user_user_permissions_user_id_permission_id_14a6b632_uniq UNIQUE (user_id, permission_id);


--
-- Name: auth_user auth_user_username_key; Type: CONSTRAINT; Schema: public; Owner: myuser
--

ALTER TABLE ONLY public.auth_user
    ADD CONSTRAINT auth_user_username_key UNIQUE (username);


--
-- Name: authtoken_token authtoken_token_pkey; Type: CONSTRAINT; Schema: public; Owner: myuser
--

ALTER TABLE ONLY public.authtoken_token
    ADD CONSTRAINT authtoken_token_pkey PRIMARY KEY (key);


--
-- Name: authtoken_token authtoken_token_user_id_key; Type: CONSTRAINT; Schema: public; Owner: myuser
--

ALTER TABLE ONLY public.authtoken_token
    ADD CONSTRAINT authtoken_token_user_id_key UNIQUE (user_id);


--
-- Name: django_admin_log django_admin_log_pkey; Type: CONSTRAINT; Schema: public; Owner: myuser
--

ALTER TABLE ONLY public.django_admin_log
    ADD CONSTRAINT django_admin_log_pkey PRIMARY KEY (id);


--
-- Name: django_content_type django_content_type_app_label_model_76bd3d3b_uniq; Type: CONSTRAINT; Schema: public; Owner: myuser
--

ALTER TABLE ONLY public.django_content_type
    ADD CONSTRAINT django_content_type_app_label_model_76bd3d3b_uniq UNIQUE (app_label, model);


--
-- Name: django_content_type django_content_type_pkey; Type: CONSTRAINT; Schema: public; Owner: myuser
--

ALTER TABLE ONLY public.django_content_type
    ADD CONSTRAINT django_content_type_pkey PRIMARY KEY (id);


--
-- Name: django_migrations django_migrations_pkey; Type: CONSTRAINT; Schema: public; Owner: myuser
--

ALTER TABLE ONLY public.django_migrations
    ADD CONSTRAINT django_migrations_pkey PRIMARY KEY (id);


--
-- Name: django_session django_session_pkey; Type: CONSTRAINT; Schema: public; Owner: myuser
--

ALTER TABLE ONLY public.django_session
    ADD CONSTRAINT django_session_pkey PRIMARY KEY (session_key);


--
-- Name: api_carslisting_car_type_id_63a4ad67; Type: INDEX; Schema: public; Owner: myuser
--

CREATE INDEX api_carslisting_car_type_id_63a4ad67 ON public.api_carslisting USING btree (car_type_id);


--
-- Name: api_carslisting_color_id_81955c8b; Type: INDEX; Schema: public; Owner: myuser
--

CREATE INDEX api_carslisting_color_id_81955c8b ON public.api_carslisting USING btree (color_id);


--
-- Name: api_carslisting_condition_id_be6a5882; Type: INDEX; Schema: public; Owner: myuser
--

CREATE INDEX api_carslisting_condition_id_be6a5882 ON public.api_carslisting USING btree (condition_id);


--
-- Name: api_carslisting_drive_type_id_eb39befe; Type: INDEX; Schema: public; Owner: myuser
--

CREATE INDEX api_carslisting_drive_type_id_eb39befe ON public.api_carslisting USING btree (drive_type_id);


--
-- Name: api_carslisting_features_carslisting_id_d1d007e5; Type: INDEX; Schema: public; Owner: myuser
--

CREATE INDEX api_carslisting_features_carslisting_id_d1d007e5 ON public.api_carslisting_features USING btree (carslisting_id);


--
-- Name: api_carslisting_features_feature_id_4826b3f4; Type: INDEX; Schema: public; Owner: myuser
--

CREATE INDEX api_carslisting_features_feature_id_4826b3f4 ON public.api_carslisting_features USING btree (feature_id);


--
-- Name: api_carslisting_fuel_type_id_20ddba57; Type: INDEX; Schema: public; Owner: myuser
--

CREATE INDEX api_carslisting_fuel_type_id_20ddba57 ON public.api_carslisting USING btree (fuel_type_id);


--
-- Name: api_carslisting_make_id_2ee1a582; Type: INDEX; Schema: public; Owner: myuser
--

CREATE INDEX api_carslisting_make_id_2ee1a582 ON public.api_carslisting USING btree (make_id);


--
-- Name: api_carslisting_model_id_7ea9c0fe; Type: INDEX; Schema: public; Owner: myuser
--

CREATE INDEX api_carslisting_model_id_7ea9c0fe ON public.api_carslisting USING btree (model_id);


--
-- Name: api_carslisting_safety_features_carslisting_id_7258aecf; Type: INDEX; Schema: public; Owner: myuser
--

CREATE INDEX api_carslisting_safety_features_carslisting_id_7258aecf ON public.api_carslisting_safety_features USING btree (carslisting_id);


--
-- Name: api_carslisting_safety_features_safetyfeature_id_9933a3e4; Type: INDEX; Schema: public; Owner: myuser
--

CREATE INDEX api_carslisting_safety_features_safetyfeature_id_9933a3e4 ON public.api_carslisting_safety_features USING btree (safetyfeature_id);


--
-- Name: api_carslisting_transmission_id_8509a0c1; Type: INDEX; Schema: public; Owner: myuser
--

CREATE INDEX api_carslisting_transmission_id_8509a0c1 ON public.api_carslisting USING btree (transmission_id);


--
-- Name: api_carslisting_vin_65064b2b_like; Type: INDEX; Schema: public; Owner: myuser
--

CREATE INDEX api_carslisting_vin_65064b2b_like ON public.api_carslisting USING btree (vin varchar_pattern_ops);


--
-- Name: api_inquiry_listing_id_8f06c28f; Type: INDEX; Schema: public; Owner: myuser
--

CREATE INDEX api_inquiry_listing_id_8f06c28f ON public.api_inquiry USING btree (listing_id);


--
-- Name: api_inquiry_status_id_54a8911a; Type: INDEX; Schema: public; Owner: myuser
--

CREATE INDEX api_inquiry_status_id_54a8911a ON public.api_inquiry USING btree (status_id);


--
-- Name: api_inquirycomments_inquiry_id_205a72c4; Type: INDEX; Schema: public; Owner: myuser
--

CREATE INDEX api_inquirycomments_inquiry_id_205a72c4 ON public.api_inquirycomments USING btree (inquiry_id);


--
-- Name: api_listingimage_listing_id_2b92fcb8; Type: INDEX; Schema: public; Owner: myuser
--

CREATE INDEX api_listingimage_listing_id_2b92fcb8 ON public.api_listingimage USING btree (listing_id);


--
-- Name: api_modelname_make_id_01bed657; Type: INDEX; Schema: public; Owner: myuser
--

CREATE INDEX api_modelname_make_id_01bed657 ON public.api_modelname USING btree (make_id);


--
-- Name: auth_group_name_a6ea08ec_like; Type: INDEX; Schema: public; Owner: myuser
--

CREATE INDEX auth_group_name_a6ea08ec_like ON public.auth_group USING btree (name varchar_pattern_ops);


--
-- Name: auth_group_permissions_group_id_b120cbf9; Type: INDEX; Schema: public; Owner: myuser
--

CREATE INDEX auth_group_permissions_group_id_b120cbf9 ON public.auth_group_permissions USING btree (group_id);


--
-- Name: auth_group_permissions_permission_id_84c5c92e; Type: INDEX; Schema: public; Owner: myuser
--

CREATE INDEX auth_group_permissions_permission_id_84c5c92e ON public.auth_group_permissions USING btree (permission_id);


--
-- Name: auth_permission_content_type_id_2f476e4b; Type: INDEX; Schema: public; Owner: myuser
--

CREATE INDEX auth_permission_content_type_id_2f476e4b ON public.auth_permission USING btree (content_type_id);


--
-- Name: auth_user_groups_group_id_97559544; Type: INDEX; Schema: public; Owner: myuser
--

CREATE INDEX auth_user_groups_group_id_97559544 ON public.auth_user_groups USING btree (group_id);


--
-- Name: auth_user_groups_user_id_6a12ed8b; Type: INDEX; Schema: public; Owner: myuser
--

CREATE INDEX auth_user_groups_user_id_6a12ed8b ON public.auth_user_groups USING btree (user_id);


--
-- Name: auth_user_user_permissions_permission_id_1fbb5f2c; Type: INDEX; Schema: public; Owner: myuser
--

CREATE INDEX auth_user_user_permissions_permission_id_1fbb5f2c ON public.auth_user_user_permissions USING btree (permission_id);


--
-- Name: auth_user_user_permissions_user_id_a95ead1b; Type: INDEX; Schema: public; Owner: myuser
--

CREATE INDEX auth_user_user_permissions_user_id_a95ead1b ON public.auth_user_user_permissions USING btree (user_id);


--
-- Name: auth_user_username_6821ab7c_like; Type: INDEX; Schema: public; Owner: myuser
--

CREATE INDEX auth_user_username_6821ab7c_like ON public.auth_user USING btree (username varchar_pattern_ops);


--
-- Name: authtoken_token_key_10f0b77e_like; Type: INDEX; Schema: public; Owner: myuser
--

CREATE INDEX authtoken_token_key_10f0b77e_like ON public.authtoken_token USING btree (key varchar_pattern_ops);


--
-- Name: django_admin_log_content_type_id_c4bce8eb; Type: INDEX; Schema: public; Owner: myuser
--

CREATE INDEX django_admin_log_content_type_id_c4bce8eb ON public.django_admin_log USING btree (content_type_id);


--
-- Name: django_admin_log_user_id_c564eba6; Type: INDEX; Schema: public; Owner: myuser
--

CREATE INDEX django_admin_log_user_id_c564eba6 ON public.django_admin_log USING btree (user_id);


--
-- Name: django_session_expire_date_a5c62663; Type: INDEX; Schema: public; Owner: myuser
--

CREATE INDEX django_session_expire_date_a5c62663 ON public.django_session USING btree (expire_date);


--
-- Name: django_session_session_key_c0390e0f_like; Type: INDEX; Schema: public; Owner: myuser
--

CREATE INDEX django_session_session_key_c0390e0f_like ON public.django_session USING btree (session_key varchar_pattern_ops);


--
-- Name: uniq_make_lower_name; Type: INDEX; Schema: public; Owner: myuser
--

CREATE UNIQUE INDEX uniq_make_lower_name ON public.api_modelname USING btree (make_id, lower((name)::text));


--
-- Name: unique_car_lower_type; Type: INDEX; Schema: public; Owner: myuser
--

CREATE UNIQUE INDEX unique_car_lower_type ON public.api_cartype USING btree (lower((type)::text));


--
-- Name: unique_color_lower_name; Type: INDEX; Schema: public; Owner: myuser
--

CREATE UNIQUE INDEX unique_color_lower_name ON public.api_color USING btree (lower((name)::text));


--
-- Name: unique_condition_lower_type; Type: INDEX; Schema: public; Owner: myuser
--

CREATE UNIQUE INDEX unique_condition_lower_type ON public.api_condition USING btree (lower((type)::text));


--
-- Name: unique_drive_lower_type; Type: INDEX; Schema: public; Owner: myuser
--

CREATE UNIQUE INDEX unique_drive_lower_type ON public.api_drivetype USING btree (lower((type)::text));


--
-- Name: unique_feature_lower_name; Type: INDEX; Schema: public; Owner: myuser
--

CREATE UNIQUE INDEX unique_feature_lower_name ON public.api_feature USING btree (lower((name)::text));


--
-- Name: unique_fuel_lower_type; Type: INDEX; Schema: public; Owner: myuser
--

CREATE UNIQUE INDEX unique_fuel_lower_type ON public.api_fueltype USING btree (lower((type)::text));


--
-- Name: unique_lower_name; Type: INDEX; Schema: public; Owner: myuser
--

CREATE UNIQUE INDEX unique_lower_name ON public.api_make USING btree (lower((name)::text));


--
-- Name: unique_safety_feature_lower_name; Type: INDEX; Schema: public; Owner: myuser
--

CREATE UNIQUE INDEX unique_safety_feature_lower_name ON public.api_safetyfeature USING btree (lower((name)::text));


--
-- Name: unique_status_lower_name; Type: INDEX; Schema: public; Owner: myuser
--

CREATE UNIQUE INDEX unique_status_lower_name ON public.api_status USING btree (lower((name)::text));


--
-- Name: unique_transmission_lower_type; Type: INDEX; Schema: public; Owner: myuser
--

CREATE UNIQUE INDEX unique_transmission_lower_type ON public.api_transmission USING btree (lower((type)::text));


--
-- Name: api_carslisting api_carslisting_car_type_id_63a4ad67_fk_api_cartype_id; Type: FK CONSTRAINT; Schema: public; Owner: myuser
--

ALTER TABLE ONLY public.api_carslisting
    ADD CONSTRAINT api_carslisting_car_type_id_63a4ad67_fk_api_cartype_id FOREIGN KEY (car_type_id) REFERENCES public.api_cartype(id) DEFERRABLE INITIALLY DEFERRED;


--
-- Name: api_carslisting api_carslisting_color_id_81955c8b_fk_api_color_id; Type: FK CONSTRAINT; Schema: public; Owner: myuser
--

ALTER TABLE ONLY public.api_carslisting
    ADD CONSTRAINT api_carslisting_color_id_81955c8b_fk_api_color_id FOREIGN KEY (color_id) REFERENCES public.api_color(id) DEFERRABLE INITIALLY DEFERRED;


--
-- Name: api_carslisting api_carslisting_condition_id_be6a5882_fk_api_condition_id; Type: FK CONSTRAINT; Schema: public; Owner: myuser
--

ALTER TABLE ONLY public.api_carslisting
    ADD CONSTRAINT api_carslisting_condition_id_be6a5882_fk_api_condition_id FOREIGN KEY (condition_id) REFERENCES public.api_condition(id) DEFERRABLE INITIALLY DEFERRED;


--
-- Name: api_carslisting api_carslisting_drive_type_id_eb39befe_fk_api_drivetype_id; Type: FK CONSTRAINT; Schema: public; Owner: myuser
--

ALTER TABLE ONLY public.api_carslisting
    ADD CONSTRAINT api_carslisting_drive_type_id_eb39befe_fk_api_drivetype_id FOREIGN KEY (drive_type_id) REFERENCES public.api_drivetype(id) DEFERRABLE INITIALLY DEFERRED;


--
-- Name: api_carslisting_features api_carslisting_feat_carslisting_id_d1d007e5_fk_api_carsl; Type: FK CONSTRAINT; Schema: public; Owner: myuser
--

ALTER TABLE ONLY public.api_carslisting_features
    ADD CONSTRAINT api_carslisting_feat_carslisting_id_d1d007e5_fk_api_carsl FOREIGN KEY (carslisting_id) REFERENCES public.api_carslisting(id) DEFERRABLE INITIALLY DEFERRED;


--
-- Name: api_carslisting_features api_carslisting_features_feature_id_4826b3f4_fk_api_feature_id; Type: FK CONSTRAINT; Schema: public; Owner: myuser
--

ALTER TABLE ONLY public.api_carslisting_features
    ADD CONSTRAINT api_carslisting_features_feature_id_4826b3f4_fk_api_feature_id FOREIGN KEY (feature_id) REFERENCES public.api_feature(id) DEFERRABLE INITIALLY DEFERRED;


--
-- Name: api_carslisting api_carslisting_fuel_type_id_20ddba57_fk_api_fueltype_id; Type: FK CONSTRAINT; Schema: public; Owner: myuser
--

ALTER TABLE ONLY public.api_carslisting
    ADD CONSTRAINT api_carslisting_fuel_type_id_20ddba57_fk_api_fueltype_id FOREIGN KEY (fuel_type_id) REFERENCES public.api_fueltype(id) DEFERRABLE INITIALLY DEFERRED;


--
-- Name: api_carslisting api_carslisting_make_id_2ee1a582_fk_api_make_id; Type: FK CONSTRAINT; Schema: public; Owner: myuser
--

ALTER TABLE ONLY public.api_carslisting
    ADD CONSTRAINT api_carslisting_make_id_2ee1a582_fk_api_make_id FOREIGN KEY (make_id) REFERENCES public.api_make(id) DEFERRABLE INITIALLY DEFERRED;


--
-- Name: api_carslisting api_carslisting_model_id_7ea9c0fe_fk_api_modelname_id; Type: FK CONSTRAINT; Schema: public; Owner: myuser
--

ALTER TABLE ONLY public.api_carslisting
    ADD CONSTRAINT api_carslisting_model_id_7ea9c0fe_fk_api_modelname_id FOREIGN KEY (model_id) REFERENCES public.api_modelname(id) DEFERRABLE INITIALLY DEFERRED;


--
-- Name: api_carslisting_safety_features api_carslisting_safe_carslisting_id_7258aecf_fk_api_carsl; Type: FK CONSTRAINT; Schema: public; Owner: myuser
--

ALTER TABLE ONLY public.api_carslisting_safety_features
    ADD CONSTRAINT api_carslisting_safe_carslisting_id_7258aecf_fk_api_carsl FOREIGN KEY (carslisting_id) REFERENCES public.api_carslisting(id) DEFERRABLE INITIALLY DEFERRED;


--
-- Name: api_carslisting_safety_features api_carslisting_safe_safetyfeature_id_9933a3e4_fk_api_safet; Type: FK CONSTRAINT; Schema: public; Owner: myuser
--

ALTER TABLE ONLY public.api_carslisting_safety_features
    ADD CONSTRAINT api_carslisting_safe_safetyfeature_id_9933a3e4_fk_api_safet FOREIGN KEY (safetyfeature_id) REFERENCES public.api_safetyfeature(id) DEFERRABLE INITIALLY DEFERRED;


--
-- Name: api_carslisting api_carslisting_transmission_id_8509a0c1_fk_api_transmission_id; Type: FK CONSTRAINT; Schema: public; Owner: myuser
--

ALTER TABLE ONLY public.api_carslisting
    ADD CONSTRAINT api_carslisting_transmission_id_8509a0c1_fk_api_transmission_id FOREIGN KEY (transmission_id) REFERENCES public.api_transmission(id) DEFERRABLE INITIALLY DEFERRED;


--
-- Name: api_inquiry api_inquiry_listing_id_8f06c28f_fk_api_carslisting_id; Type: FK CONSTRAINT; Schema: public; Owner: myuser
--

ALTER TABLE ONLY public.api_inquiry
    ADD CONSTRAINT api_inquiry_listing_id_8f06c28f_fk_api_carslisting_id FOREIGN KEY (listing_id) REFERENCES public.api_carslisting(id) DEFERRABLE INITIALLY DEFERRED;


--
-- Name: api_inquiry api_inquiry_status_id_54a8911a_fk_api_status_id; Type: FK CONSTRAINT; Schema: public; Owner: myuser
--

ALTER TABLE ONLY public.api_inquiry
    ADD CONSTRAINT api_inquiry_status_id_54a8911a_fk_api_status_id FOREIGN KEY (status_id) REFERENCES public.api_status(id) DEFERRABLE INITIALLY DEFERRED;


--
-- Name: api_inquirycomments api_inquirycomments_inquiry_id_205a72c4_fk_api_inquiry_id; Type: FK CONSTRAINT; Schema: public; Owner: myuser
--

ALTER TABLE ONLY public.api_inquirycomments
    ADD CONSTRAINT api_inquirycomments_inquiry_id_205a72c4_fk_api_inquiry_id FOREIGN KEY (inquiry_id) REFERENCES public.api_inquiry(id) DEFERRABLE INITIALLY DEFERRED;


--
-- Name: api_listingimage api_listingimage_listing_id_2b92fcb8_fk_api_carslisting_id; Type: FK CONSTRAINT; Schema: public; Owner: myuser
--

ALTER TABLE ONLY public.api_listingimage
    ADD CONSTRAINT api_listingimage_listing_id_2b92fcb8_fk_api_carslisting_id FOREIGN KEY (listing_id) REFERENCES public.api_carslisting(id) DEFERRABLE INITIALLY DEFERRED;


--
-- Name: api_modelname api_modelname_make_id_01bed657_fk_api_make_id; Type: FK CONSTRAINT; Schema: public; Owner: myuser
--

ALTER TABLE ONLY public.api_modelname
    ADD CONSTRAINT api_modelname_make_id_01bed657_fk_api_make_id FOREIGN KEY (make_id) REFERENCES public.api_make(id) DEFERRABLE INITIALLY DEFERRED;


--
-- Name: auth_group_permissions auth_group_permissio_permission_id_84c5c92e_fk_auth_perm; Type: FK CONSTRAINT; Schema: public; Owner: myuser
--

ALTER TABLE ONLY public.auth_group_permissions
    ADD CONSTRAINT auth_group_permissio_permission_id_84c5c92e_fk_auth_perm FOREIGN KEY (permission_id) REFERENCES public.auth_permission(id) DEFERRABLE INITIALLY DEFERRED;


--
-- Name: auth_group_permissions auth_group_permissions_group_id_b120cbf9_fk_auth_group_id; Type: FK CONSTRAINT; Schema: public; Owner: myuser
--

ALTER TABLE ONLY public.auth_group_permissions
    ADD CONSTRAINT auth_group_permissions_group_id_b120cbf9_fk_auth_group_id FOREIGN KEY (group_id) REFERENCES public.auth_group(id) DEFERRABLE INITIALLY DEFERRED;


--
-- Name: auth_permission auth_permission_content_type_id_2f476e4b_fk_django_co; Type: FK CONSTRAINT; Schema: public; Owner: myuser
--

ALTER TABLE ONLY public.auth_permission
    ADD CONSTRAINT auth_permission_content_type_id_2f476e4b_fk_django_co FOREIGN KEY (content_type_id) REFERENCES public.django_content_type(id) DEFERRABLE INITIALLY DEFERRED;


--
-- Name: auth_user_groups auth_user_groups_group_id_97559544_fk_auth_group_id; Type: FK CONSTRAINT; Schema: public; Owner: myuser
--

ALTER TABLE ONLY public.auth_user_groups
    ADD CONSTRAINT auth_user_groups_group_id_97559544_fk_auth_group_id FOREIGN KEY (group_id) REFERENCES public.auth_group(id) DEFERRABLE INITIALLY DEFERRED;


--
-- Name: auth_user_groups auth_user_groups_user_id_6a12ed8b_fk_auth_user_id; Type: FK CONSTRAINT; Schema: public; Owner: myuser
--

ALTER TABLE ONLY public.auth_user_groups
    ADD CONSTRAINT auth_user_groups_user_id_6a12ed8b_fk_auth_user_id FOREIGN KEY (user_id) REFERENCES public.auth_user(id) DEFERRABLE INITIALLY DEFERRED;


--
-- Name: auth_user_user_permissions auth_user_user_permi_permission_id_1fbb5f2c_fk_auth_perm; Type: FK CONSTRAINT; Schema: public; Owner: myuser
--

ALTER TABLE ONLY public.auth_user_user_permissions
    ADD CONSTRAINT auth_user_user_permi_permission_id_1fbb5f2c_fk_auth_perm FOREIGN KEY (permission_id) REFERENCES public.auth_permission(id) DEFERRABLE INITIALLY DEFERRED;


--
-- Name: auth_user_user_permissions auth_user_user_permissions_user_id_a95ead1b_fk_auth_user_id; Type: FK CONSTRAINT; Schema: public; Owner: myuser
--

ALTER TABLE ONLY public.auth_user_user_permissions
    ADD CONSTRAINT auth_user_user_permissions_user_id_a95ead1b_fk_auth_user_id FOREIGN KEY (user_id) REFERENCES public.auth_user(id) DEFERRABLE INITIALLY DEFERRED;


--
-- Name: authtoken_token authtoken_token_user_id_35299eff_fk_auth_user_id; Type: FK CONSTRAINT; Schema: public; Owner: myuser
--

ALTER TABLE ONLY public.authtoken_token
    ADD CONSTRAINT authtoken_token_user_id_35299eff_fk_auth_user_id FOREIGN KEY (user_id) REFERENCES public.auth_user(id) DEFERRABLE INITIALLY DEFERRED;


--
-- Name: django_admin_log django_admin_log_content_type_id_c4bce8eb_fk_django_co; Type: FK CONSTRAINT; Schema: public; Owner: myuser
--

ALTER TABLE ONLY public.django_admin_log
    ADD CONSTRAINT django_admin_log_content_type_id_c4bce8eb_fk_django_co FOREIGN KEY (content_type_id) REFERENCES public.django_content_type(id) DEFERRABLE INITIALLY DEFERRED;


--
-- Name: django_admin_log django_admin_log_user_id_c564eba6_fk_auth_user_id; Type: FK CONSTRAINT; Schema: public; Owner: myuser
--

ALTER TABLE ONLY public.django_admin_log
    ADD CONSTRAINT django_admin_log_user_id_c564eba6_fk_auth_user_id FOREIGN KEY (user_id) REFERENCES public.auth_user(id) DEFERRABLE INITIALLY DEFERRED;


--
-- PostgreSQL database dump complete
--

\unrestrict iTksZHQDbfGLmzhSKqkpA8QzxZFlKcXbMkuZAOWej1nYXHmIiFNBxpxry78sE0q

